district,blood_group,observations,average_stock,median_stock,total_units,stockout_percentage,low_stock_percentage
Ahmadnagar,A+,407,31.159705159705158,24.0,12682.0,14.004914004914005,7.371007371007371
Ahmadnagar,A-,407,1.9950859950859952,1.0,812.0,37.34643734643734,55.28255528255528
Ahmadnagar,AB+,407,19.147420147420146,15.0,7793.0,14.250614250614252,12.776412776412776
Ahmadnagar,AB-,407,0.7960687960687961,0.0,324.0,57.24815724815725,41.76904176904177
Ahmadnagar,B+,407,37.764127764127764,20.0,15370.0,13.022113022113022,6.388206388206388
Ahmadnagar,B-,407,1.7862407862407863,1.0,727.0,42.26044226044226,50.61425061425061
Ahmadnagar,O+,407,44.614250614250615,39.0,18158.0,13.267813267813267,6.388206388206388
Ahmadnagar,O-,407,2.213759213759214,2.0,901.0,38.82063882063882,50.122850122850124
Akola,A+,144,21.63888888888889,8.0,3116.0,18.75,24.305555555555554
Akola,A-,144,3.8472222222222223,2.0,554.0,27.083333333333332,55.55555555555556
Akola,AB+,144,13.20138888888889,13.0,1901.0,17.36111111111111,11.805555555555555
Akola,AB-,144,1.4652777777777777,1.0,211.0,33.33333333333333,66.66666666666666
Akola,B+,144,32.84722222222222,17.0,4730.0,18.055555555555554,11.11111111111111
Akola,B-,144,2.5416666666666665,1.0,366.0,33.33333333333333,59.72222222222222
Akola,O+,144,45.86805555555556,25.0,6605.0,16.666666666666664,4.166666666666666
Akola,O-,144,2.125,2.0,306.0,36.80555555555556,55.55555555555556
Amravati,A+,218,26.146788990825687,15.0,5700.0,0.9174311926605505,12.844036697247708
Amravati,A-,218,1.9403669724770642,1.0,423.0,40.36697247706422,50.917431192660544
Amravati,AB+,218,12.637614678899082,11.5,2755.0,0.45871559633027525,34.403669724770644
Amravati,AB-,218,0.5596330275229358,0.0,122.0,59.174311926605505,40.825688073394495
Amravati,B+,218,34.08256880733945,23.0,7430.0,0.45871559633027525,13.761467889908257
Amravati,B-,218,2.9403669724770642,3.0,641.0,8.715596330275229,83.94495412844036
Amravati,O+,218,48.31651376146789,38.0,10533.0,2.293577981651376,0.45871559633027525
Amravati,O-,218,2.1605504587155964,1.0,471.0,29.357798165137616,61.92660550458715
Aurangabad,A+,336,47.25,29.0,15876.0,3.869047619047619,9.523809523809524
Aurangabad,A-,336,1.994047619047619,1.0,670.0,41.07142857142857,51.78571428571429
Aurangabad,AB+,336,22.464285714285715,18.0,7548.0,5.952380952380952,17.857142857142858
Aurangabad,AB-,336,1.3154761904761905,0.0,442.0,55.952380952380956,37.797619047619044
Aurangabad,B+,336,65.38095238095238,44.0,21968.0,0.0,10.119047619047619
Aurangabad,B-,336,3.7172619047619047,2.0,1249.0,35.714285714285715,44.642857142857146
Aurangabad,O+,336,77.10416666666667,51.0,25907.0,1.488095238095238,6.547619047619048
Aurangabad,O-,336,2.574404761904762,2.0,865.0,20.238095238095237,70.53571428571429
Beed,A+,156,21.878205128205128,19.0,3413.0,12.179487179487179,23.717948717948715
Beed,A-,156,1.6666666666666667,1.0,260.0,26.282051282051285,70.51282051282051
Beed,AB+,156,8.032051282051283,6.5,1253.0,14.102564102564102,29.48717948717949
Beed,AB-,156,1.2435897435897436,0.0,194.0,57.05128205128205,39.743589743589745
Beed,B+,156,31.916666666666668,23.0,4979.0,2.564102564102564,25.64102564102564
Beed,B-,156,2.019230769230769,2.0,315.0,21.153846153846153,73.07692307692307
Beed,O+,156,27.666666666666668,27.5,4316.0,1.9230769230769231,11.538461538461538
Beed,O-,156,2.8846153846153846,2.0,450.0,23.076923076923077,61.53846153846154
Bhandara,A+,48,26.1875,27.5,1257.0,6.25,10.416666666666668
Bhandara,A-,48,1.4583333333333333,1.0,70.0,39.58333333333333,52.083333333333336
Bhandara,AB+,48,11.104166666666666,10.0,533.0,0.0,6.25
Bhandara,AB-,48,0.5,0.5,24.0,50.0,50.0
Bhandara,B+,48,30.604166666666668,32.5,1469.0,0.0,6.25
Bhandara,B-,48,2.0833333333333335,2.0,100.0,22.916666666666664,68.75
Bhandara,O+,48,34.645833333333336,35.0,1663.0,0.0,6.25
Bhandara,O-,48,3.375,4.0,162.0,18.75,79.16666666666666
Bid,A+,12,19.083333333333332,20.0,229.0,0.0,41.66666666666667
Bid,A-,12,2.0833333333333335,2.0,25.0,16.666666666666664,83.33333333333334
Bid,AB+,12,7.5,3.0,90.0,16.666666666666664,58.333333333333336
Bid,AB-,12,0.8333333333333334,0.5,10.0,50.0,50.0
Bid,B+,12,11.75,4.0,141.0,8.333333333333332,58.333333333333336
Bid,B-,12,1.25,1.0,15.0,25.0,75.0
Bid,O+,12,23.25,24.0,279.0,0.0,8.333333333333332
Bid,O-,12,3.3333333333333335,2.0,40.0,8.333333333333332,75.0
Buldana,A+,168,1.7738095238095237,0.0,298.0,57.738095238095234,32.73809523809524
Buldana,A-,168,0.31547619047619047,0.0,53.0,81.54761904761905,18.452380952380953
Buldana,AB+,168,0.625,0.0,105.0,59.523809523809526,39.285714285714285
Buldana,AB-,168,0.26785714285714285,0.0,45.0,85.71428571428571,14.285714285714285
Buldana,B+,168,2.119047619047619,0.0,356.0,57.14285714285714,30.952380952380953
Buldana,B-,168,0.35714285714285715,0.0,60.0,80.95238095238095,19.047619047619047
Buldana,O+,168,1.9047619047619047,0.0,320.0,61.904761904761905,26.785714285714285
Buldana,O-,168,0.11904761904761904,0.0,20.0,88.69047619047619,11.30952380952381
Chandrapur,A+,144,17.854166666666668,12.0,2571.0,17.36111111111111,18.75
Chandrapur,A-,144,1.0,0.5,144.0,50.0,50.0
Chandrapur,AB+,144,4.909722222222222,3.0,707.0,21.52777777777778,47.22222222222222
Chandrapur,AB-,144,0.4166666666666667,0.0,60.0,84.72222222222221,15.277777777777779
Chandrapur,B+,144,19.21527777777778,9.5,2767.0,17.36111111111111,13.194444444444445
Chandrapur,B-,144,1.8680555555555556,1.0,269.0,35.41666666666667,61.111111111111114
Chandrapur,O+,144,25.444444444444443,18.0,3664.0,17.36111111111111,0.0
Chandrapur,O-,144,2.2222222222222223,2.0,320.0,18.055555555555554,74.30555555555556
Dhule,A+,168,24.529761904761905,14.0,4121.0,2.380952380952381,19.047619047619047
Dhule,A-,168,2.8273809523809526,2.0,475.0,11.30952380952381,77.38095238095238
Dhule,AB+,168,8.321428571428571,6.0,1398.0,6.547619047619048,39.285714285714285
Dhule,AB-,168,0.7797619047619048,0.0,131.0,51.19047619047619,48.80952380952381
Dhule,B+,168,31.488095238095237,14.0,5290.0,1.1904761904761905,20.238095238095237
Dhule,B-,168,3.7083333333333335,2.5,623.0,16.666666666666664,61.30952380952381
Dhule,O+,168,43.94642857142857,31.0,7383.0,0.0,1.7857142857142856
Dhule,O-,168,3.3154761904761907,3.0,557.0,13.095238095238097,69.04761904761905
Gadchiroli,A+,72,5.888888888888889,6.0,424.0,33.33333333333333,8.333333333333332
Gadchiroli,A-,72,0.2638888888888889,0.0,19.0,81.94444444444444,18.055555555555554
Gadchiroli,AB+,72,4.388888888888889,1.0,316.0,45.83333333333333,20.833333333333336
Gadchiroli,AB-,72,0.0,0.0,0.0,100.0,0.0
Gadchiroli,B+,72,7.347222222222222,5.5,529.0,34.72222222222222,15.277777777777779
Gadchiroli,B-,72,0.4583333333333333,0.0,33.0,58.333333333333336,41.66666666666667
Gadchiroli,O+,72,8.152777777777779,6.0,587.0,33.33333333333333,13.88888888888889
Gadchiroli,O-,72,1.6666666666666667,2.0,120.0,41.66666666666667,58.333333333333336
Gondiya,A+,33,6.090909090909091,5.0,201.0,3.0303030303030303,75.75757575757575
Gondiya,A-,33,0.36363636363636365,0.0,12.0,93.93939393939394,3.0303030303030303
Gondiya,AB+,33,2.5757575757575757,3.0,85.0,18.181818181818183,78.78787878787878
Gondiya,AB-,33,0.15151515151515152,0.0,5.0,93.93939393939394,6.0606060606060606
Gondiya,B+,33,6.848484848484849,3.0,226.0,18.181818181818183,42.42424242424242
Gondiya,B-,33,0.12121212121212122,0.0,4.0,93.93939393939394,6.0606060606060606
Gondiya,O+,33,5.818181818181818,3.0,192.0,12.121212121212121,69.6969696969697
Gondiya,O-,33,0.21212121212121213,0.0,7.0,93.93939393939394,3.0303030303030303
Hingoli,A+,48,13.4375,10.5,645.0,20.833333333333336,10.416666666666668
Hingoli,A-,48,0.16666666666666666,0.0,8.0,87.5,12.5
Hingoli,AB+,48,11.020833333333334,12.5,529.0,2.083333333333333,22.916666666666664
Hingoli,AB-,48,0.5625,0.0,27.0,66.66666666666666,33.33333333333333
Hingoli,B+,48,24.770833333333332,25.0,1189.0,2.083333333333333,14.583333333333334
Hingoli,B-,48,1.125,1.0,54.0,41.66666666666667,58.333333333333336
Hingoli,O+,48,12.270833333333334,15.0,589.0,6.25,22.916666666666664
Hingoli,O-,48,2.4166666666666665,1.0,116.0,27.083333333333332,56.25
Jalgaon,A+,264,16.848484848484848,5.0,4448.0,35.984848484848484,14.393939393939394
Jalgaon,A-,264,0.9583333333333334,0.0,253.0,56.060606060606055,41.66666666666667
Jalgaon,AB+,264,8.723484848484848,3.0,2303.0,32.196969696969695,29.545454545454547
Jalgaon,AB-,264,0.4810606060606061,0.0,127.0,64.39393939393939,35.60606060606061
Jalgaon,B+,264,20.643939393939394,6.5,5450.0,28.40909090909091,19.696969696969695
Jalgaon,B-,264,1.8636363636363635,0.0,492.0,60.22727272727273,24.242424242424242
Jalgaon,O+,264,32.93560606060606,13.0,8695.0,27.65151515151515,10.606060606060606
Jalgaon,O-,264,1.356060606060606,1.0,358.0,49.24242424242424,45.07575757575758
Jalna,A+,120,34.21666666666667,22.0,4106.0,5.0,12.5
Jalna,A-,120,4.25,3.0,510.0,17.5,58.333333333333336
Jalna,AB+,120,24.975,13.0,2997.0,10.0,26.666666666666668
Jalna,AB-,120,1.3416666666666666,1.0,161.0,35.0,65.0
Jalna,B+,120,50.083333333333336,32.0,6010.0,3.3333333333333335,16.666666666666664
Jalna,B-,120,2.316666666666667,2.0,278.0,25.0,59.166666666666664
Jalna,O+,120,42.975,36.0,5157.0,2.5,10.0
Jalna,O-,120,3.0166666666666666,2.0,362.0,35.0,50.83333333333333
Kolhapur,A+,336,55.76488095238095,41.0,18737.0,7.142857142857142,2.083333333333333
Kolhapur,A-,336,1.6220238095238095,1.0,545.0,39.285714285714285,57.14285714285714
Kolhapur,AB+,336,14.8125,13.0,4977.0,10.714285714285714,17.559523809523807
Kolhapur,AB-,336,0.8244047619047619,1.0,277.0,45.83333333333333,54.166666666666664
Kolhapur,B+,336,48.30952380952381,39.0,16232.0,3.571428571428571,7.738095238095238
Kolhapur,B-,336,2.5208333333333335,1.0,847.0,27.67857142857143,55.952380952380956
Kolhapur,O+,336,62.38095238095238,53.0,20960.0,4.166666666666666,4.464285714285714
Kolhapur,O-,336,2.205357142857143,2.0,741.0,32.44047619047619,58.92857142857143
Latur,A+,219,505.662100456621,57.0,110740.0,0.45662100456621,9.1324200913242
Latur,A-,219,33.666666666666664,6.0,7373.0,26.94063926940639,20.54794520547945
Latur,AB+,219,264.42009132420094,21.0,57908.0,4.10958904109589,13.24200913242009
Latur,AB-,219,12.60730593607306,1.0,2761.0,42.00913242009132,35.61643835616438
Latur,B+,219,455.64383561643837,48.0,99786.0,0.45662100456621,12.32876712328767
Latur,B-,219,22.337899543378995,2.0,4892.0,21.91780821917808,50.2283105022831
Latur,O+,219,843.365296803653,79.0,184697.0,1.36986301369863,5.47945205479452
Latur,O-,219,30.76255707762557,3.0,6737.0,15.981735159817351,50.68493150684932
Mumbai,A+,1195,25.494560669456067,15.0,30466.0,23.84937238493724,9.9581589958159
Mumbai,A-,1195,1.5347280334728033,0.0,1834.0,61.84100418410042,31.63179916317992
Mumbai,AB+,1195,9.773221757322176,5.0,11679.0,27.280334728033473,24.267782426778243
Mumbai,AB-,1195,0.5297071129707113,0.0,633.0,74.39330543933055,25.606694560669457
Mumbai,B+,1195,25.82510460251046,11.0,30861.0,22.17573221757322,13.89121338912134
Mumbai,B-,1195,1.6343096234309624,0.0,1953.0,54.30962343096234,36.73640167364017
Mumbai,O+,1195,35.193305439330544,15.0,42056.0,21.841004184100417,9.121338912133892
Mumbai,O-,1195,2.407531380753138,0.0,2877.0,52.38493723849372,32.38493723849372
Mumbai Suburban,A+,24,47.0,38.5,1128.0,0.0,12.5
Mumbai Suburban,A-,24,0.3333333333333333,0.0,8.0,83.33333333333334,16.666666666666664
Mumbai Suburban,AB+,24,16.208333333333332,15.0,389.0,0.0,8.333333333333332
Mumbai Suburban,AB-,24,0.625,0.0,15.0,54.166666666666664,45.83333333333333
Mumbai Suburban,B+,24,55.083333333333336,47.5,1322.0,0.0,4.166666666666666
Mumbai Suburban,B-,24,1.0416666666666667,1.0,25.0,37.5,62.5
Mumbai Suburban,O+,24,105.75,104.0,2538.0,0.0,0.0
Mumbai Suburban,O-,24,1.2916666666666667,0.5,31.0,50.0,50.0
Nagpur,A+,432,18.38888888888889,12.0,7944.0,16.203703703703702,21.296296296296298
Nagpur,A-,432,0.9143518518518519,1.0,395.0,48.379629629629626,49.76851851851852
Nagpur,AB+,432,11.564814814814815,5.5,4996.0,17.59259259259259,32.407407407407405
Nagpur,AB-,432,1.0578703703703705,1.0,457.0,40.27777777777778,59.72222222222222
Nagpur,B+,432,33.03703703703704,18.0,14272.0,13.194444444444445,18.98148148148148
Nagpur,B-,432,2.136574074074074,2.0,923.0,24.305555555555554,68.05555555555556
Nagpur,O+,432,38.157407407407405,20.0,16484.0,13.425925925925927,15.046296296296296
Nagpur,O-,432,4.782407407407407,1.0,2066.0,36.342592592592595,56.25
Nanded,A+,241,41.0746887966805,31.0,9899.0,7.053941908713693,5.394190871369295
Nanded,A-,241,2.3692946058091287,2.0,571.0,31.12033195020747,56.016597510373444
Nanded,AB+,241,17.269709543568464,10.0,4162.0,6.224066390041494,21.57676348547718
Nanded,AB-,241,0.5477178423236515,0.0,132.0,60.99585062240664,39.004149377593365
Nanded,B+,241,37.780082987551864,18.0,9105.0,1.6597510373443984,20.74688796680498
Nanded,B-,241,2.145228215767635,1.0,517.0,43.56846473029046,46.88796680497925
Nanded,O+,241,54.65145228215768,42.0,13171.0,1.6597510373443984,9.12863070539419
Nanded,O-,241,1.933609958506224,0.0,466.0,50.20746887966805,39.83402489626556
Nandurbar,A+,72,403.56944444444446,20.0,29057.0,11.11111111111111,13.88888888888889
Nandurbar,A-,72,60.125,2.0,4329.0,12.5,54.166666666666664
Nandurbar,AB+,72,122.40277777777777,10.0,8813.0,1.3888888888888888,15.277777777777779
Nandurbar,AB-,72,13.23611111111111,2.0,953.0,27.77777777777778,38.88888888888889
Nandurbar,B+,72,1380.111111111111,38.0,99368.0,0.0,13.88888888888889
Nandurbar,B-,72,22.208333333333332,6.0,1599.0,2.7777777777777777,26.38888888888889
Nandurbar,O+,72,626.5277777777778,59.0,45110.0,2.7777777777777777,13.88888888888889
Nandurbar,O-,72,63.513888888888886,14.0,4573.0,6.944444444444445,25.0
Nashik,A+,479,24.227557411273487,11.0,11605.0,25.052192066805844,16.910229645093946
Nashik,A-,479,2.3089770354906056,1.0,1106.0,48.43423799582464,34.65553235908142
Nashik,AB+,479,11.993736951983298,5.0,5745.0,30.062630480167012,21.50313152400835
Nashik,AB-,479,0.6471816283924844,0.0,310.0,62.21294363256785,37.578288100208766
Nashik,B+,479,26.223382045929018,10.0,12561.0,26.304801670146137,16.075156576200417
Nashik,B-,479,1.8789144050104385,1.0,900.0,46.972860125260965,42.379958246346554
Nashik,O+,479,41.84342379958246,25.0,20043.0,24.4258872651357,2.9227557411273484
Nashik,O-,479,2.755741127348643,1.0,1320.0,40.292275574112736,43.63256784968685
Osmanabad,A+,96,45.510416666666664,25.0,4369.0,0.0,2.083333333333333
Osmanabad,A-,96,3.4895833333333335,1.5,335.0,15.625,52.083333333333336
Osmanabad,AB+,96,20.5,9.0,1968.0,12.5,27.083333333333332
Osmanabad,AB-,96,0.6875,1.0,66.0,43.75,56.25
Osmanabad,B+,96,34.645833333333336,24.5,3326.0,0.0,15.625
Osmanabad,B-,96,2.0416666666666665,1.0,196.0,22.916666666666664,71.875
Osmanabad,O+,96,40.916666666666664,33.5,3928.0,2.083333333333333,3.125
Osmanabad,O-,96,2.7916666666666665,2.0,268.0,11.458333333333332,76.04166666666666
Palghar,A+,258,10.949612403100776,7.0,2825.0,21.705426356589147,22.868217054263564
Palghar,A-,258,1.2790697674418605,0.0,330.0,52.71317829457365,47.286821705426355
Palghar,AB+,258,3.2364341085271318,3.0,835.0,31.007751937984494,48.06201550387597
Palghar,AB-,258,0.2441860465116279,0.0,63.0,79.06976744186046,20.930232558139537
Palghar,B+,258,16.0968992248062,6.5,4153.0,19.379844961240313,27.906976744186046
Palghar,B-,258,0.7790697674418605,0.0,201.0,60.07751937984496,39.53488372093023
Palghar,O+,258,24.550387596899224,20.0,6334.0,21.705426356589147,14.34108527131783
Palghar,O-,258,1.802325581395349,1.0,465.0,46.51162790697674,45.348837209302324
Parbhani,A+,168,49.767857142857146,43.5,8361.0,2.380952380952381,20.833333333333336
Parbhani,A-,168,3.2142857142857144,2.0,540.0,31.547619047619047,41.07142857142857
Parbhani,AB+,168,20.142857142857142,10.0,3384.0,3.571428571428571,26.190476190476193
Parbhani,AB-,168,1.5119047619047619,1.5,254.0,33.92857142857143,66.07142857142857
Parbhani,B+,168,54.75595238095238,23.0,9199.0,0.0,16.666666666666664
Parbhani,B-,168,3.1607142857142856,2.0,531.0,8.928571428571429,72.02380952380952
Parbhani,O+,168,68.11309523809524,50.5,11443.0,0.0,19.047619047619047
Parbhani,O-,168,2.886904761904762,2.0,485.0,18.452380952380953,64.88095238095238
Pune,A+,1320,40.596969696969694,29.5,53588.0,6.8181818181818175,7.6515151515151505
Pune,A-,1320,3.456818181818182,2.0,4563.0,24.015151515151516,54.77272727272727
Pune,AB+,1320,15.656060606060606,11.0,20666.0,10.151515151515152,22.348484848484848
Pune,AB-,1320,1.5272727272727273,1.0,2016.0,42.72727272727273,50.90909090909091
Pune,B+,1320,44.8530303030303,26.0,59206.0,5.984848484848484,13.712121212121211
Pune,B-,1320,3.507575757575758,2.0,4630.0,18.484848484848484,61.89393939393939
Pune,O+,1320,62.61060606060606,45.0,82646.0,7.6515151515151505,5.303030303030303
Pune,O-,1320,4.109848484848484,3.0,5425.0,17.651515151515152,57.1969696969697
Raigarh,A+,264,22.738636363636363,20.0,6003.0,4.166666666666666,11.363636363636363
Raigarh,A-,264,1.4128787878787878,1.0,373.0,29.545454545454547,70.07575757575758
Raigarh,AB+,264,7.8977272727272725,7.0,2085.0,5.681818181818182,35.984848484848484
Raigarh,AB-,264,0.8181818181818182,1.0,216.0,39.39393939393939,60.60606060606061
Raigarh,B+,264,14.988636363636363,9.0,3957.0,3.787878787878788,32.95454545454545
Raigarh,B-,264,1.7765151515151516,2.0,469.0,22.727272727272727,77.27272727272727
Raigarh,O+,264,24.867424242424242,21.0,6565.0,3.787878787878788,11.363636363636363
Raigarh,O-,264,2.0643939393939394,1.0,545.0,28.78787878787879,63.25757575757576
Ratnagiri,A+,72,37.583333333333336,36.5,2706.0,0.0,0.0
Ratnagiri,A-,72,1.3333333333333333,0.0,96.0,54.166666666666664,45.83333333333333
Ratnagiri,AB+,72,19.97222222222222,14.0,1438.0,0.0,0.0
Ratnagiri,AB-,72,0.7638888888888888,1.0,55.0,33.33333333333333,66.66666666666666
Ratnagiri,B+,72,34.44444444444444,27.5,2480.0,0.0,0.0
Ratnagiri,B-,72,1.875,1.5,135.0,25.0,72.22222222222221
Ratnagiri,O+,72,63.166666666666664,49.0,4548.0,0.0,0.0
Ratnagiri,O-,72,2.0833333333333335,1.0,150.0,33.33333333333333,61.111111111111114
Sangli,A+,383,39.84334203655352,36.0,15260.0,6.266318537859007,3.91644908616188
Sangli,A-,383,1.3890339425587468,1.0,532.0,35.50913838120104,60.835509138381205
Sangli,AB+,383,9.54308093994778,9.0,3655.0,8.616187989556137,27.154046997389038
Sangli,AB-,383,1.0182767624020888,1.0,390.0,46.99738903394256,52.219321148825074
Sangli,B+,383,27.69190600522193,22.0,10606.0,7.5718015665796345,9.660574412532636
Sangli,B-,383,1.4699738903394255,1.0,563.0,31.853785900783286,64.22976501305483
Sangli,O+,383,53.78590078328982,42.0,20600.0,7.5718015665796345,1.8276762402088773
Sangli,O-,383,2.947780678851175,3.0,1129.0,31.070496083550914,46.47519582245431
Satara,A+,312,28.798076923076923,15.5,8985.0,28.846153846153843,6.089743589743589
Satara,A-,312,2.5641025641025643,2.0,800.0,37.82051282051282,48.3974358974359
Satara,AB+,312,10.025641025641026,6.0,3128.0,32.69230769230769,12.82051282051282
Satara,AB-,312,0.8589743589743589,0.0,268.0,57.692307692307686,41.98717948717949
Satara,B+,312,38.631410256410255,14.0,12053.0,28.525641025641026,8.333333333333332
Satara,B-,312,1.8525641025641026,1.0,578.0,43.269230769230774,44.55128205128205
Satara,O+,312,40.666666666666664,28.5,12688.0,28.846153846153843,2.8846153846153846
Satara,O-,312,2.269230769230769,1.0,708.0,35.256410256410255,50.641025641025635
Sindhudurg,A+,96,30.635416666666668,33.0,2941.0,25.0,0.0
Sindhudurg,A-,96,1.34375,0.0,129.0,57.291666666666664,37.5
Sindhudurg,AB+,96,2.96875,2.0,285.0,39.58333333333333,36.45833333333333
Sindhudurg,AB-,96,0.8333333333333334,0.0,80.0,76.04166666666666,23.958333333333336
Sindhudurg,B+,96,18.3125,15.0,1758.0,27.083333333333332,15.625
Sindhudurg,B-,96,1.8645833333333333,1.0,179.0,40.625,47.91666666666667
Sindhudurg,O+,96,23.0625,22.0,2214.0,25.0,0.0
Sindhudurg,O-,96,1.09375,0.0,105.0,67.70833333333334,29.166666666666668
Solapur,A+,529,34.8241965973535,20.0,18422.0,6.427221172022684,18.525519848771268
Solapur,A-,529,3.6389413988657844,2.0,1925.0,26.08695652173913,49.33837429111531
Solapur,AB+,529,18.483931947069944,10.0,9778.0,10.207939508506616,28.544423440453688
Solapur,AB-,529,1.2646502835538753,1.0,669.0,34.78260869565217,63.32703213610586
Solapur,B+,529,52.40264650283554,37.0,27721.0,3.0245746691871456,10.775047258979207
Solapur,B-,529,3.5255198487712667,2.0,1865.0,17.580340264650285,64.83931947069944
Solapur,O+,529,57.53119092627599,44.0,30434.0,2.835538752362949,7.561436672967864
Solapur,O-,529,3.9262759924385633,3.0,2077.0,17.76937618147448,53.30812854442344
Thane,A+,703,22.0199146514936,18.0,15480.0,7.254623044096728,14.935988620199147
Thane,A-,703,2.7709815078236133,0.0,1948.0,50.782361308677096,43.66998577524893
Thane,AB+,703,7.817923186344239,5.0,5496.0,15.931721194879088,36.84210526315789
Thane,AB-,703,1.3186344238975818,0.0,927.0,60.4551920341394,37.55334281650071
Thane,B+,703,21.477951635846374,12.0,15099.0,7.823613086770982,22.90184921763869
Thane,B-,703,3.136557610241821,1.0,2205.0,40.54054054054054,55.47652916073969
Thane,O+,703,32.63015647226174,20.0,22939.0,6.258890469416785,9.388335704125177
Thane,O-,703,2.0753911806543384,1.0,1459.0,42.2475106685633,47.368421052631575
Wardha,A+,96,20.65625,18.0,1983.0,0.0,9.375
Wardha,A-,96,1.2708333333333333,1.0,122.0,42.70833333333333,57.291666666666664
Wardha,AB+,96,5.104166666666667,3.0,490.0,8.333333333333332,58.333333333333336
Wardha,AB-,96,0.5208333333333334,0.0,50.0,63.541666666666664,36.45833333333333
Wardha,B+,96,31.4375,20.0,3018.0,0.0,9.375
Wardha,B-,96,2.2708333333333335,1.0,218.0,25.0,54.166666666666664
Wardha,O+,96,35.15625,33.0,3375.0,0.0,0.0
Wardha,O-,96,2.7604166666666665,2.0,265.0,17.708333333333336,69.79166666666666
Washim,A+,96,12.197916666666666,3.0,1171.0,37.5,27.083333333333332
Washim,A-,96,0.7604166666666666,0.0,73.0,72.91666666666666,27.083333333333332
Washim,AB+,96,6.364583333333333,0.0,611.0,55.208333333333336,18.75
Washim,AB-,96,1.0625,0.0,102.0,55.208333333333336,44.79166666666667
Washim,B+,96,18.5625,2.5,1782.0,41.66666666666667,26.041666666666668
Washim,B-,96,0.4479166666666667,0.0,43.0,69.79166666666666,30.208333333333332
Washim,O+,96,13.645833333333334,7.5,1310.0,26.041666666666668,18.75
Washim,O-,96,1.1979166666666667,0.0,115.0,53.125,45.83333333333333
Yavatmal,A+,144,34.69444444444444,35.0,4996.0,16.666666666666664,0.0
Yavatmal,A-,144,3.3055555555555554,2.0,476.0,18.055555555555554,62.5
Yavatmal,AB+,144,16.375,14.0,2358.0,17.36111111111111,9.722222222222223
Yavatmal,AB-,144,1.3958333333333333,1.0,201.0,39.58333333333333,59.72222222222222
Yavatmal,B+,144,40.3125,28.0,5805.0,16.666666666666664,2.083333333333333
Yavatmal,B-,144,2.1805555555555554,2.0,314.0,21.52777777777778,70.13888888888889
Yavatmal,O+,144,54.013888888888886,48.0,7778.0,15.972222222222221,0.6944444444444444
Yavatmal,O-,144,4.8125,5.0,693.0,18.055555555555554,38.88888888888889
