hospital_code,degree_centrality,betweenness_centrality,closeness_centrality,blood_bank_name,district,city,BBRI,DBARI,GVS
18278,0.018087855297157625,0.0029990226399432317,0.0008178249817331265,Dr. Murlidhar Kharche Memorial Jeevan Jyoti Blood Centre,Buldana,Malkapur,50.0,83.45982142857143,67.48000777372796
18279,0.015503875968992248,0.0,0.0006207626942050068,"Medical Superitendant, Saibai Mote General Hospital Blood Centre, Shegaon",Buldana,Shegaon,50.0,83.45982142857143,67.21214485251066
18117,0.012919896640826874,0.0,0.0006661098171679257,Leelavati Blood Centre,Buldana,Buldhana,50.0,83.45982142857143,67.17293974267074
18276,0.028423772609819122,0.001972571438772186,0.0006801336529844173,"Medical Superitendant, Government Hospital Blood Centre(Khamgaon)",Buldana,Khamgaon,50.0,83.45982142857143,66.30936707473289
27128,0.002583979328165375,0.0,0.0024409140555235703,Patangshah Cottage Hospital Blood Centre Jawhar Palghar,Palghar,Jawhar,50.0,51.16602990868948,63.04860176885687
18229,0.002583979328165375,0.0,0.010290991086016093,Kalpataru Bahuuddeshiya Sansthas Lokmanya Blood Centre Gondia,Gondiya,Gondia,41.581027907317676,72.70319014704022,61.89188759182077
284498,0.0103359173126615,0.0,0.0003550874823206986,Shri Gajanan Blood Centre,Washim,Washim,50.0,64.40415499895713,61.80950881639941
27130,0.00516795865633075,0.0,0.0004627842798598359,"Medical Supritentent Sub-District (Rural) Hospital Blood Centre, Gadchiroli Aheri",Gadchiroli,Aheri,50.0,56.90873273769411,61.52682982976821
18269,0.012919896640826874,0.0,0.0006703578731077387,"Shri. Brahman Swrankar Samaj Trust, Blood Centre",Buldana,Buldana,40.30612244897959,83.45982142857143,59.12792248996337
27150,0.00516795865633075,0.0,0.00017979360480312206,"Sub -Dist Cottage Hospital, Blood Centre , Sawantwadi, Sindhudurg",Sindhudurg,Sawantwadi,50.0,44.41685240748563,58.324076326574954
27152,0.002583979328165375,0.0,0.010290991086016093,Bai Gangabai Ladies Hospital Blood Centre Gondiya,Gondiya,Gondia,37.24701777015914,72.70319014704022,58.28373914874738
18206,0.0103359173126615,0.0,0.002792080936826147,Tarapure Automic Power Station Hospital Blood Centre,Palghar,Boisar,50.0,51.16602990868948,58.16417007975879
18159,0.018087855297157625,0.003021336796490429,0.0008043574673097953,Jeevanshri Raktapedi,Jalgaon,Jalgaon,50.0,52.310494263163704,57.7403169795873
18158,0.023255813953488372,0.0,0.0009596936458770386,Indian Red Cross Society Sanchalit Askaran Tarachand Jain Blood Centre,Jalgaon,Chopda,50.0,52.310494263163704,56.56469121803665
18160,0.023255813953488372,0.0,0.0009625127802125285,Jeevan Surabhi Blood Centre,Jalgaon,Chalisgaon,50.0,52.310494263163704,56.54544689361394
18267,0.0103359173126615,0.0,0.00035030819737758056,Sau. Kantadevi Dale Blood Centre,Washim,Washim,43.24393844799065,64.40415499895713,56.20888881002747
280766,0.002583979328165375,0.0,8.835783658438294e-05,Smt.Devakabai Kalyanji Cheddha Blood Centre,Palghar,Palgarh,40.91261193730871,51.16602990868948,55.40726143090077
18088,0.007751937984496124,0.0004784155163718967,0.0006802594293778172,Cristanand Education Society Blood Centre,Chandrapur,Brahmapuri,50.0,39.57785347341144,55.290458288133266
27109,0.0103359173126615,0.0,0.0010050232422440305,District General Hospital Blood Bank Satara,Satara,Satara,50.0,42.356429387743056,55.02152576166958
18277,0.012919896640826874,0.0,0.0006649836082891473,"Civil Surgeon, District General Hospital Blood Centre",Buldana,Buldana,33.91418931427097,83.45982142857143,53.78929490306809
18135,0.0,0.0,0.0,"M/S. Shri Hazur Saheb Blood Centre, Components Laboratory And Apheresis Centre",Parbhani,Parbhani,15.982924600191488,25.18888658928025,53.49056519632205
280133,0.023255813953488372,0.0,0.0015440903263796637,"S. S.Venutai Y. Chavan Sub-District Hospital, Blood Centre Karad",Satara,Karad,50.0,42.356429387743056,53.47208640869761
18165,0.020671834625323,0.0,0.0005379335022794899,"Ansar Blood Centre, Malegaon",Nashik,Malegaon,50.0,41.029391562495185,53.250268934177505
281039,0.020671834625323,0.0,0.0005363984472238155,General Hospital Malegaon Blood Centre,Nashik,Malegaon,50.0,41.029391562495185,53.22573092373355
18172,0.03617571059431525,0.0,0.001043657791471896,Sainik Aspatal Military Hospital Blood Centre,Nashik,Deolali,50.0,41.029391562495185,52.750659572169866
18170,0.03617571059431525,0.0,0.0010781445558737883,"Medical Superitendant, J.D.C. Bytco Hospital Blood Centre",Nashik,Nashik,50.0,41.029391562495185,52.66095895685855
18230,0.012919896640826874,0.0,0.0006672706428096981,Jeevandhara Buldana Urban Blood Centre Run And Managed By Shree Charitable Trust,Buldana,Buldana,32.48704657742796,83.45982142857143,52.593062532992974
18178,0.03617571059431525,0.0,0.0010369513324431038,"Medical Superintendent, Regional Referal Hospital Blood Bank,(Superspeciality Hospital) Nashik",Nashik,Nashik,50.0,41.029391562495185,52.55677660166979
18051,0.22739018087855298,5.355397571327201e-05,0.012562464660690444,V.N. Desai Municipal General Hospital Blood Centre,Mumbai,mumbai,50.0,42.98037758796146,52.355054449207096
18059,0.2248062015503876,0.0,0.01064284180039358,Bharatratna Dr Babasaheb Ambedkar Mun. Gen. Hospital Blood Centre,Mumbai,MUMBAI,50.0,42.98037758796146,52.33691999147693
18033,0.22739018087855298,0.0001709901938845185,0.0125164532385413,Bhabha Atomic Research Centre Hospital Blood Centre,Mumbai,Mumbai,50.0,42.98037758796146,52.32572383268061
18038,0.22739018087855298,1.3388493928318003e-05,0.012147868394014931,"K.B.Bhabha Muncipal General Hospital, Blood Centre",Mumbai,Mumbai,50.0,42.98037758796146,52.32421080960711
18008,0.22739018087855298,0.0,0.009387330797683809,"Cama And Albles Hosp., Abdul Fazalbhoy Blood Centre",Mumbai,Mumbai,50.0,42.98037758796146,52.3144412458411
280738,0.22739018087855298,1.3388493928318003e-05,0.00947504001982651,Superitendent Gokuldas Tejpal Hospital,Mumbai,Mumbai,50.0,42.98037758796146,52.3144412458411
18014,0.2248062015503876,0.0,0.009322038341301433,Bombay Hospital Trust Blood Centre,Mumbai,Mumbai,49.80797400600827,42.98037758796146,52.15845618905008
27107,0.22739018087855298,6.694246964159002e-05,0.011369358030741702,TATA MEMORIAL CENTRE-ACTREC,Mumbai,Mumbai,49.68651303150416,42.98037758796146,52.05497726251501
18264,0.015503875968992248,0.00038045636912970325,0.0005336781116990822,"Medical Supritendant District-Hospital For Women, Blood Centre(C.S)",Akola,Akola,50.09671724278577,35.137689903594776,51.962126484128035
27133,0.04909560723514212,0.0,0.002056969172987966,Daga Memorial Women Govt. Hospital Blood Centre Nagpr,Nagpur,Nagpur,50.0,39.04397257645887,51.71493996499203
18290,0.04909560723514212,0.0,0.0021139279617213534,Dean Government Medical College And Super Speciality Hospital Blood Centre,Nagpur,Nagpur,50.0,39.04397257645887,51.69813708161068
18009,0.22222222222222224,0.0,0.008769821981366005,Bombay Red Cross Blood Centre,Mumbai,Mumbai,49.187898944127205,42.98037758796146,51.686024428593015
285061,0.02583979328165375,0.003043650953037626,0.0009416128711740073,Pachpande Multispeciality Hospital Blood Storage Center,Jalgaon,muktainagar,43.57063946531393,52.310494263163704,51.21730039432235
18140,0.012919896640826874,0.00014727343321149804,0.0009646717840897067,Shri Sainath Blood Centre,Ahmadnagar,Shirdi,49.380717158227895,30.377441931881673,50.60672558229514
27123,0.0103359173126615,0.0,0.000356637272346501,Civil Hospital Washim,Washim,Washim,36.35942600214668,64.40415499895713,50.45346342762475
18196,0.2248062015503876,0.0,0.00843999920284599,Ishwar Seva Trusts Dombivali Blood Center,Thane,Dombivli,49.432243732597314,36.3200757948145,49.799124928235756
18141,0.02583979328165375,0.0,0.0008465783826085847,Ahmednagar Municipal Council Blood Centre,Ahmadnagar,Ahmednagar,50.0,30.377441931881673,49.63801880424387
280142,0.018087855297157625,0.0,0.0035707889675485782,"Maharashtra Bloodbank, Component And Apheresis Center",Palghar,PALGHAR,41.08848392011298,51.16602990868948,49.14613420859044
18275,0.0103359173126615,0.0,0.0003360707700584439,Shri Gajanan Blood Centre And Components,Yavatmal,Yavatmal,50.242065364765764,21.22687154225187,48.65824497162266
18099,0.020671834625323,0.00045111786486249267,0.0010390627331995734,"Akshay Medical Trust, Akshay Blood Centre",Satara,Satara,43.45866268261192,42.356429387743056,48.182733325513226
280131,0.06459948320413438,0.0,0.0019107016494752946,"Padma Bhushan Vasantdada Patil (Civil Surgeon), Govt. General Hospital Blood Centre, Sangli",Sangli,Sangli,50.0,26.654096437576335,47.6829462673221
280143,0.00516795865633075,0.0,0.0020880992126966033,Triumph Foundations Triumph Blood Center,Thane,Thane,40.73811230788691,36.3200757948145,47.44183975044292
18017,0.22739018087855298,0.0,0.010441179044676485,Masina Hospital Blood Centre,Mumbai,Mumbai,43.81679830565241,42.98037758796146,47.16922494585026
18173,0.03617571059431525,0.0,0.0010526747550620467,DevaS Health And Devlopment Foundation Samta Blood Centre,Nashik,Nashik,42.438369822098025,41.029391562495185,46.28193527490939
18077,0.11111111111111112,0.0,0.00990397260910015,Padmashree Dr.D.Y Patil (Vishweshwar) Blood Centre,Pune,Pune,50.0,21.046154413477446,45.717281400253235
18087,0.11111111111111112,0.0004967258845820128,0.01566000656755183,"Sarvodaya Samaj Vikas Sanstha, R.G Gholap Memorial Blood Centre",Pune,Pune,50.0,21.046154413477446,45.709631418494965
284509,0.05426356589147287,0.0017924961954363086,0.0013864639465182413,Sankalp Blood Centre,Satara,Satara,41.250105279115466,42.356429387743056,45.348274724391686
18105,0.023255813953488372,0.0,0.001550871289140475,Yashwantrao Chavan Blood Centre,Satara,Karad,39.91851553461271,42.356429387743056,45.07486976362303
284360,0.22739018087855298,0.00115195239306578,0.013135355389537327,"Criticare Asia Hospital Blood Centre, Pvt. Ltd., Kurla (W), Mumbai",Mumbai,Mumbai,41.10748683546292,42.98037758796146,44.90317068568497
18155,0.02583979328165375,0.0029677828207771563,0.0009358577558210133,Dhanwantri Blood Centre,Jalgaon,Bhusawal,35.631083665472715,52.310494263163704,44.66207181085651
282683,0.0,0.0,0.0,"Mgm Blood Centre , Kamothe",Raigarh,Raigarh,15.422285183956102,33.14696460504184,44.411543137257766
18015,0.22739018087855298,0.0,0.011923653735389124,"P.D. Hinduja Hospital And Medical Research, Blood Centre",Mumbai,Mumbai,39.09759763648904,42.98037758796146,43.25799892665586
18243,0.018087855297157625,0.0,0.012184619365876215,"Indian Red Cross Society Blood Centre, Nanded",Nanded,Nanded,41.695552353712515,28.604898033940298,42.68907140955818
18007,0.2248062015503876,0.0,0.009509938762337166,Saifee Hospital Trust Blood Centre,Mumbai,Mumbai,38.34259499726832,42.98037758796146,42.62157498870722
18006,0.22739018087855298,0.0,0.009391672913248885,St. GeorgeS Hospital And Regional Blood Centre,Mumbai,Mumbai,38.31974156272591,42.98037758796146,42.59760379631257
18250,0.00516795865633075,0.0,0.0029582335700030645,"Kanthak Sevabhavi Sanstha, New Life Blood Centre, Parbhani",Parbhani,Parbhani,37.88265306122449,25.18888658928025,41.652172693300486
18286,0.04909560723514212,0.0,0.002072260475396313,Jeevan Jyoti Blood Centre And Component,Nagpur,Nagpur,37.85917615576144,39.04397257645887,41.598989316999926
284762,0.21188630490956073,0.0,0.005999723756468864,"Maya Blood Centre, Badlapur (W), Tal. Ambernath, Dist.Thane",Thane,Badlapur (W),38.9030612244898,36.3200757948145,41.28836755926274
283795,0.11111111111111112,0.4636581305148626,0.0158530732771146,Autus Blood Centre,Pune,Pune,44.54442659323756,21.046154413477446,41.167759556010566
280765,0.00516795865633075,0.0,0.0003249211780053917,Sspm Medical College Lifetime Hospital Blood Centre,Sindhudurg,Kudal,28.975984261575313,44.41685240748563,40.18326974559513
18132,0.06201550387596899,0.0,0.0016115869023983194,Jeevandhara Blood Centre,Kolhapur,KOLHAPUR,41.68217054712251,23.625253641764743,39.854670197949474
284014,0.002583979328165375,0.0,9.14692193980312e-05,"Shri Kamala Bhavani Blood Centre, Karmala",Solapur,Karmala,33.57680824276636,20.27266112978797,39.738675844340676
18284,0.04909560723514212,0.0,0.0018057887026453152,"Nkp Salve Inst.Of Med.Sci. And Res.Center.Lata Mangeshkar Hosp, Blood Centre",Nagpur,Nagpur,34.957039057462836,39.04397257645887,39.22518384463698
18085,0.007751937984496124,0.0,0.0006866814142127656,"Indian Red Cross Society, (Late Manikbai Chandulal Saraf ) Blood Centre, Pune",Pune,Baramati,37.98655353529625,21.046154413477446,39.177256984256054
284843,0.007751937984496124,0.0,0.0006837527499104504,"Government Medical College And General Hospital Blood Centre, Baramati, District Pune",Pune,Baramati,37.42671560297006,21.046154413477446,38.731225612603616
284514,0.023255813953488372,0.0012242183829122013,0.0035956089166560195,M/S . Ideal Foundations Ideal Blood Centre,Palghar,Wada,28.054742827797938,51.16602990868948,38.66735177308446
18089,0.00516795865633075,0.0,0.0004593228353438552,"Civil Surgeon, General Hospital Blood Centre, Gadchiroli",Gadchiroli,Gadchiroli,22.33304834206538,56.90873273769411,38.49354993656247
280149,0.2248062015503876,2.6776987856636006e-05,0.009605886941861859,Advanced Centre For Treatment Reasearch And Education In Cancer,Raigarh,Panvel,36.7061875375266,33.14696460504184,38.2628917037888
27115,0.002583979328165375,0.0,0.0,"Blood Bank Civil Hospital, Beed",Bid,Beed,28.570760327408767,30.82334408485298,38.12618877502983
18024,0.2248062015503876,0.0,0.012434504669096473,Smt. Kapoorben Vasanji Lathiya Blood Centre,Mumbai,Mumbai,32.809515309281295,42.98037758796146,38.03917450628358
27146,0.04909560723514212,0.0,0.002127040542879499,"Govt. Medical College Blood Centre, Nagpur",Nagpur,Nagpur,32.54231085583287,39.04397257645887,37.16426846761539
18001,0.2248062015503876,0.0,0.009884177985065556,"Jaslok Hospital And Research Centre, Blood Centre",Mumbai,Mumbai,31.608668719081752,42.98037758796146,37.01165248103648
280128,0.22739018087855298,2.6776987856636006e-05,0.009347804525703145,M/S Navi Mumbai Blood Centre,Raigarh,Kharghar,35.066059234709556,33.14696460504184,36.89551622366866
18207,0.22739018087855298,0.0025989770794919735,0.006660665175700997,Sarla Blood Centre,Palghar,Vasai,28.353172694561113,51.16602990868948,36.86793390356596
284117,0.00516795865633075,0.0,0.0012102692907736698,"Vedanta Hospital And Research Center Blood Centre, Saswand, Post Dhundalwadi",Palghar,Saswand,22.35282148280064,51.16602990868948,36.80749223171139
18027,0.002583979328165375,0.0,0.0,M/S Beed Blood Centre,Beed,Beed,24.458207326527784,37.0663458984519,36.62959996668961
18056,0.2248062015503876,0.0,0.012259437257210255,Manas Serological Institute Blood Centre,Mumbai,Mumbai,31.114832910405312,42.98037758796146,36.60848921759351
284763,0.020671834625323,0.00039272915523066147,0.0010226014384094031,"Balaji Blood Centre, Lonand, Khandala Taluk, Dist. Satara",Satara,Lonand,29.216108402092637,42.356429387743056,36.36925591266014
18057,0.2248062015503876,0.0,0.011232853959440816,Suburban Hi-Tech Blood Centre,Mumbai,Mumbai,30.467611374038018,42.98037758796146,36.110772827066945
18047,0.2248062015503876,0.0,0.01237937227892225,Fortis Hospital Blood Centre,Mumbai,Mumbai,30.465564901596167,42.98037758796146,36.10170667243489
284765,0.03875968992248062,0.0029990226399432326,0.0011194316795897269,"Shree Sainath Blood Centre, Sinnar, Tal. Sinnar, Dist. Nashik",Nashik,Sinnar,29.388407319782964,41.029391562495185,35.75718355272245
18195,0.22739018087855298,5.355397571327201e-05,0.007448081865911364,Kalyan Dombivali Muncipal Corporation Sponsered Nandakishore Educaation Society Arpan Blood Bank,Thane,Thane,32.02407572813804,36.3200757948145,35.3913648105429
18083,0.11111111111111112,0.0,0.009023420782546275,Smt Kashibai Navale General Hospital Blood Centre,Pune,Pune,37.115237197924905,21.046154413477446,35.07532137563059
18251,0.00516795865633075,0.0,0.0002726346353659478,"Blood Center Government Medical College And Hospital, Osmanabad",Osmanabad,Osmanabad,30.733446927352595,22.78338253234365,34.93835308977851
283307,0.02583979328165375,0.0,0.0008652456943378648,Sant Jagnnath Maharaj Anjalekar Bahuuudeshiya Sansthas Sanjivani Blood Centre,Jalgaon,Faizpur,23.670584232529748,52.310494263163704,34.89714286803202
18204,0.22739018087855298,0.0016451271301253225,0.007542244266912928,Bhiwandi Blood Centre,Thane,Bhiwandi,31.261220473068523,36.3200757948145,34.880323653694354
284084,0.012919896640826874,0.00024099289070972406,0.00036638717512986566,"Washim Blood Centre (Trust), Washim Managed By Ocean Bahuuddeshiya Sanstha, Pusad, Dist. Yavtmal",Washim,Washim,17.935614837309434,64.40415499895713,34.69994488830185
18019,0.22739018087855298,0.0,0.010331705251774041,Prince Aly Khan Hospital Blood Centre,Mumbai,Mumbai,28.8265306122449,42.98037758796146,34.68953308368904
18152,0.023255813953488372,0.0,0.0006842100731625993,Jawahar Medical Foundation Blood Centre,Dhule,Dhule,32.894099985069445,27.141049043876112,34.57592389020781
18240,0.0103359173126615,0.0,0.0006665314105121492,"Ankur Hospital Blood Centre, Chandrapur",Chandrapur,Chandrapur,26.455050335687563,39.57785347341144,34.563972720564095
284359,0.2248062015503876,0.010595131293846788,0.011429391860694636,"Maha Victory Charitable Trust, Lifeline Blood Centre, Bapgaon, Tal. Bhiwandi, Dist. Thane",Thane,Bhiwandi,31.08134277426242,36.3200757948145,34.50213438021717
18209,0.22997416020671835,0.0021421590285308806,0.006805838142091748,Vijayee Blood Centre Vasai (W),Palghar,Vasai,25.49196043672339,51.16602990868948,34.484025114833926
283198,0.031007751937984496,0.21165268076410762,0.0,Riddhi Vinayak Hospital Services Public Charitable Trust Blood Centre,Palghar,Palghar,24.26998254845666,51.16602990868948,34.40875426657175
18201,0.22739018087855298,2.6776987856636006e-05,0.010383537220990315,"Dr. D.Y. Patil Hospital And Research Centre, Blood Centre",Thane,Thane,30.44613678840708,36.3200757948145,33.997886603445394
18166,0.04909560723514212,0.0,0.002132592711315568,Ashirwad Medical Foundations Gsk Blood Centre And Components,Nagpur,Nagpur,28.68730315745325,39.04397257645887,33.94171249629497
280140,0.02583979328165375,0.0,0.0031112495026413053,"M.M.Patel Public Charitable Trust, Ashwini Rural Medical College And Hospital Blood Centre",Solapur,Solapur,34.67968523059856,20.27266112978797,33.93986356369408
18023,0.22739018087855298,0.0,0.011707762138941159,Shushrusha Citizens Co-Op Hospital Blood Centre,Mumbai,Mumbai,27.796079944167268,42.98037758796146,33.849263788659215
18214,0.002583979328165375,0.0,8.835783658438294e-05,"Kakasaheb Chitle Memorial Centre Sanchalit, Jankalyan Blood Centre",Raigarh,Raigarh,21.460737840807,33.14696460504184,33.650774024946486
27131,0.018087855297157625,0.0,0.012731015532354914,Dr.Shankarrao Chavan Government Medical College And Hospital Blood Centre Nanded,Nanded,Nanded,30.81291594977037,28.604898033940298,33.62906315974792
18167,0.020671834625323,0.0,0.0005261961411820566,Seva Blood Centre,Nashik,MALEGAON,26.147138363681382,41.029391562495185,33.471249712461145
283339,0.023255813953488372,0.0,0.0008403083751954875,Ahmednagar Blood Centre,Ahmadnagar,Ahmednagar,30.229591836734695,30.377441931881673,33.36491137330284
18162,0.023255813953488372,0.0,0.0009479092091480837,Godavari FoundationS Dr.Ulhas Patil Medical College And Hospital Blood Centre,Jalgaon,Jalgaon,21.742388685008237,52.310494263163704,33.23733962548573
18022,0.22739018087855298,0.0,0.009731358801238528,Sir H N Hospital And Research Centre Blood Centre,Mumbai,Mumbai,26.98916884323364,42.98037758796146,33.167688538412804
18183,0.2248062015503876,0.0,0.011618461528008231,"Mahatma Gandhi Blood Centre, Operated By Task",Thane,Thane,29.434724924429762,36.3200757948145,33.13314097707736
18091,0.06459948320413438,0.0,0.0018086447605566553,Smt. Anila Kantilal Kothari Blood Centre And Dept. Of Hemato Oncology,Sangli,Sangli,32.4380264438861,26.654096437576335,33.07992503307367
18050,0.2248062015503876,0.0,0.013010153139937026,Sevenhills Healthcare Private Limited Hospital Blood Centre,Mumbai,Mumbai,26.804044441048188,42.98037758796146,33.03912448128029
284140,0.007751937984496124,0.000677457792772891,0.0007950951707992443,Arpan Blood Centre Nanded,Nanded,Nanded,27.297368261399,28.604898033940298,33.00276018180671
18190,0.2248062015503876,0.0,0.011511988911232687,Kai Wamanrao Oka Rakta Kendra,Thane,Thane,29.092174598835506,36.3200757948145,32.847093557430036
282612,0.023255813953488372,0.0,0.0009609377427983207,Red Plus Blood Center Jalgaon,Jalgaon,Jalgaon,21.46548390509525,52.310494263163704,32.78990259089949
18118,0.0,0.0,0.0,Annasaheb Galatge Lions Blood Centre Run By Gadhinglaj Lions Welfare Association,Kolhapur,Gadhinglaj,14.02435895876903,23.625253641764743,32.66443721452016
18228,0.0103359173126615,0.0,0.0007662046184325475,"Civil Surgeon, General Hospital, Blood Centre",Jalna,Jalna,32.17601661939325,17.91175590884358,32.60802510463536
280120,0.0,0.0,0.0,Shree Swami Samarth Blood Centre,Ratnagiri,Ratnagiri,15.1634827157679,19.97398156908031,32.509269094162455
18215,0.22222222222222224,1.3388493928318003e-05,0.00794413637654314,"Shree Sai Medical TrustS, Shree Sai Blood Centre, Old Panvel",Raigarh,Panvel,29.63864199015627,33.14696460504184,32.39312821047074
18005,0.2248062015503876,0.0,0.009784236818934968,Breach Candy Hospital Trust Blood Centre,Mumbai,Mumbai,26.033201502148117,42.98037758796146,32.369966670081034
18058,0.22739018087855298,1.3388493928318003e-05,0.01246470677756624,Sion Blood Centre,Mumbai,Mumbai,25.761148366975565,42.98037758796146,32.14924502690927
18236,0.020671834625323,0.00011045507490862352,0.0007817710291099109,"Indian Red Cross Society, Dr. Bhalchandra Blood Centre",Latur,Latur,35.01584130289351,13.177560234910475,32.14650688435281
18055,0.2248062015503876,0.0,0.011607426070820794,"Meenatai Thackeray Blood Centre, Goregaon, Mumbai, Managed By Prabodhan Goregaon",Mumbai,Mumbai,25.693937860079572,42.98037758796146,32.13570958015182
18018,0.22739018087855298,6.694246964159002e-05,0.011878385561214682,N.M Wadia Hospital Blood Centre Parel Mumbai,Mumbai,Mumbai,25.44595378322725,42.98037758796146,31.90647526631621
27129,0.015503875968992248,0.0,0.0005395399417506355,"Dean, Govt. Medical College Hospital Blood Centre Akola",Akola,Akola,25.926929793261042,35.137689903594776,31.866130408050157
18150,0.023255813953488372,0.001267444091880771,0.0006845117630478494,Shri Bhausaheb Hire Govt. Medical College And Hospital Blood Centre Dhule,Dhule,Dhule,29.57565594054057,27.141049043876112,31.84388245540453
18157,0.023255813953488372,0.0,0.000964325796986762,Civil Hospital Blood Centre,Jalgaon,Jalgaon,20.160616421626834,52.310494263163704,31.696168671144903
18185,0.2248062015503876,0.0,0.011613647613634454,Navjeevan Blood Centre Mangaed By Spvf,Thane,Thane,27.555018223077028,36.3200757948145,31.568248281102466
18205,0.23255813953488372,0.00030347252904187476,0.009302159699218117,Mira Bhayandar Muncipal Corporation Rajeev Gandhi Blood Centre,Thane,Mira Road,27.448888303042825,36.3200757948145,31.538667979433082
18048,0.2248062015503876,0.0,0.011697015524858011,Kokilaben Dhirubhai Ambani Blood Centre,Mumbai,Mumbai,24.876958177702072,42.98037758796146,31.4538847199638
27117,0.00516795865633075,0.0,0.0007964080665198097,"Blood Bank Civil Hospital, Bhandara",Bhandara,Bhandara,25.401653517572417,22.995117483957436,31.402613190866234
18241,0.0,0.0,0.0,Shrikrishna Blood Center,Osmanabad,Omerga,12.4742962358374,22.78338253234365,31.37683178780874
18258,0.015503875968992248,0.0,0.0005262962815953026,"Dr Mankar Memorial Trust, Late. Dr. B.P. Thakre Memorial Component Blood Centre",Akola,Akola,25.07237623430416,35.137689903594776,31.204183441422686
18037,0.22739018087855298,0.0,0.013209921289541172,Deepak Foundations Anviksha Blood Centre,Mumbai,Mumbai,24.39085710061437,42.98037758796146,30.997610018195267
18288,0.04909560723514212,0.0,0.0021305851899390644,Lifeline Blood Centre Nagpur,Nagpur,Nagpur,25.09232678707015,39.04397257645887,30.967991000842243
18287,0.04909560723514212,0.0,0.0021256445377751954,Ayush Blood Centre And Component Lab Ramdaspeth Nagpur,Nagpur,Nagpur,24.981514180805114,39.04397257645887,30.855349206149523
18179,0.03617571059431525,0.0,0.0010332025286432863,"Nashik Blood Bank And Transfusion Research Institute Blood Bank(Jijau Mahila Sewabhavi Sanstha, Nash",Nashik,Nashik,23.91769435257658,41.029391562495185,30.849598678800238
18234,0.0103359173126615,0.0,0.0007259730836874131,Sanjivan Blood Centre,Chandrapur,Chandrapur,22.003405035908116,39.57785347341144,30.81870996043776
280536,0.22739018087855298,1.3388493928318003e-05,0.010302318459115101,Apollo Hospital Charitable Trusts' Apollo Hospital Blood Centre,Raigarh,Navi Mumbai,27.286466518944444,33.14696460504184,30.380418779186204
18161,0.023255813953488372,0.0,0.0009646109954270153,Indian Red Cross Society Blood Centre Jalgaon,Jalgaon,Jalgaon,18.559801924411175,52.310494263163704,30.36345920508795
18016,0.22739018087855298,0.0,0.011266104354478829,K.E.M. Hospital Blood Centre,Mumbai,Mumbai,23.58027338027763,42.98037758796146,30.318418275867593
18193,0.2248062015503876,0.0,0.00860641407724027,Chidanand Charitable Trust Blood Centre,Thane,Dombivli,25.911354945933628,36.3200757948145,30.234130856595375
284844,0.018087855297157625,0.001167432701767956,0.003562400467491149,"Civil Hospital Palghar Blood Centre, Palghar",Palghar,Palghar,18.370383385435844,51.16602990868948,30.232869938396227
18042,0.2248062015503876,0.0,0.012745861036497044,"Matoshri Valbai Mulji Shah, Arpan Blood Centre",Mumbai,Mumbai,23.346341622483234,42.98037758796146,30.17481366168982
284589,0.0,0.0,0.0,M/S. Jai Mata Di Bahuddeshiya SansthaS Melghat Blood Centre,Amravati,Amravati,11.624195954450931,20.64721766980577,30.14757573411831
284499,0.06459948320413438,0.0,0.00189872086481988,"M/S.Uaims Advanced Blood Centre, Ushahkal Abhinav Institute Of Medical Sciences(Uaims), Sangli. (A U",Sangli,Sangli,28.80453969699649,26.654096437576335,30.091090229370607
27105,0.002583979328165375,0.0,0.027863688947878627,Indian Red Cross Society Blood Bank Ratnagiri,Ratnagiri,Ratnagiri,22.91920338060313,19.97398156908031,30.074301416089845
18265,0.04909560723514212,0.0,0.002058822269005753,"Nandkishor Education Society Trust, Arpan Voluntary Blood Centre",Nagpur,Nagpur,23.809695960709167,39.04397257645887,29.900504609608923
18247,0.2248062015503876,0.0,0.009984826304993387,Navjivan Blood Centre Mged By Saraswati Vidyaprasarak Foundation,Mumbai,Mumbai,22.96030402861879,42.98037758796146,29.86352658296302
18177,0.03617571059431525,0.0,0.0010581421871469375,"Shri Sai Seva Medical Foundation Sanchalit, Sanjeevani Blood Centre",Nashik,Nashik,22.71108497693705,41.029391562495185,29.858583725759754
282570,0.2248062015503876,0.005256214280286173,0.011429391860694636,Sankalp Blood Centre,Thane,Thane,25.433611324910036,36.3200757948145,29.800287178438918
18052,0.2248062015503876,0.0,0.01271776334466199,Holy Spirit Hospital Blood Centre,Mumbai,Mumbai,22.907490457909237,42.98037758796146,29.795166866351444
18187,0.2248062015503876,0.0,0.011152841044580176,Chhatrapati Shivaji Maharaj Hospital Blood Centre Csm,Thane,Thane,25.343023157144394,36.3200757948145,29.753542143429556
18293,0.00516795865633075,0.0,0.0007932720625779584,Jawaharlal Nehru Medical College Blood Centre,Wardha,wardha,23.41577680961703,25.44008670213593,29.738804018820076
18071,0.11111111111111112,0.0,0.014673051494194985,Kem Hospital Blood Centre,Pune,Pune,30.70798886788817,21.046154413477446,29.65795296807094
18103,0.020671834625323,7.958715835166813e-05,0.0010390627331995734,Mauli Blood Centre satara,Satara,Satara,21.120342571455872,42.356429387743056,29.585643706616843
18146,0.0103359173126615,0.0,0.0008495290467293527,Sanjeevani Blood Centre,Ahmadnagar,Kopargaon,23.435381161189646,30.377441931881673,29.512280048765756
280723,0.023255813953488372,0.0003436380108268288,0.0015519919682475522,Mahalakshmi Blood Centre,Satara,karad,21.176990719447748,42.356429387743056,29.472182773372186
18199,0.2248062015503876,0.0,0.011632962188957931,"Navi Mumbai Muncipal Corporation, Blood Centre",Thane,Thane,24.98082920361061,36.3200757948145,29.450950228813
18144,0.02583979328165375,0.0002945468664229961,0.0008630931712275376,Ashtavinayak Blood Bank,Ahmadnagar,Ahmednagar,25.56640712931221,30.377441931881673,29.30652340688148
18291,0.00516795865633075,0.0,0.0010566713424513263,"District - Civil Surgeon, General Hospital Blood Centre Wardha",Wardha,wardha,22.860092885034188,25.44008670213593,29.276186252854494
18067,0.11111111111111112,0.0,0.01394775910178398,Indian Serological Institute Blood Centre,Pune,Pune,30.229591836734695,21.046154413477446,29.27478298547045
18232,0.020671834625323,0.0002052902402342094,0.0005234712075134955,Vaidyanath Blood Centre,Bid,Parli-Vajinath,24.364831397379774,30.82334408485298,29.252220985394555
283286,0.002583979328165375,0.0,9.14692193980312e-05,Raigad Hospital Blood Centre Of Saraswati Education Society,Raigarh,karjat,16.180300328985005,33.14696460504184,29.22999302291062
18113,0.02583979328165375,0.0,0.011763400926380275,M/S Jeevan Jyot Charitable TrustS Solapur Blood Centre,Solapur,Solapur,29.17748373534347,20.27266112978797,29.182167765772384
18156,0.023255813953488372,0.0,0.0009646013871186077,Keshavsmruti Pratishthan Sanchalit Madhavrao Golwalkar Swayamsevi Raktpedhi,Jalgaon,Jalgaon,17.11457900342844,52.310494263163704,29.176305061972478
18039,0.22739018087855298,0.0,0.011952015518392683,Lilavati Hospital And Research Centre Blood Centre,Mumbai,Bandra,21.99847002303948,42.98037758796146,29.00721120631135
18149,0.03617571059431525,0.0,0.0010333905560420676,Laksh Foundation New Arpan Voluntary Blood Centre Ahmednagar,Ahmadnagar,Ahmednagar,25.585596465925782,30.377441931881673,28.931127742593574
27119,0.02583979328165375,0.00011045507490862352,0.01703328740666921,"Blood Bank Civil Hospital, Solapur",Solapur,Solapur,28.730837675315655,20.27266112978797,28.797952938467553
18169,0.03617571059431525,0.0,0.001032466517346118,Civil Hospital Blood Centre Nashik,Nashik,Nashik,21.28556408056223,41.029391562495185,28.658298602801473
18120,0.06201550387596899,0.0,0.0016862243095691685,"Late Balasaheb Datye, Lions Blood Centre, Ichalkaranji",Kolhapur,Ichalkaranji,28.164475039619987,23.625253641764743,28.604664181613213
18108,0.0103359173126615,0.0,0.0003138555151415008,"Ima, Sahakar Maharshi Shankarrao Mohite Patil Blood Centre",Solapur,Solapur,25.569985472127442,20.27266112978797,28.524687460859674
282599,0.04909560723514212,0.0,0.0016868022249506367,Dean Datta Meghe Medical Collecge M.S.Dattatraya Blood Centre,Nagpur,Nagpur,21.909157823567394,39.04397257645887,28.362566806470085
283289,0.031007751937984496,0.11460801864819745,0.0,Mahatma Basaveshwar Blood Centre,Solapur,Solapur,28.276140598557145,20.27266112978797,28.207287491871647
18168,0.03617571059431525,0.0,0.0010333911488971416,Arpan Blood Centre And Blood Component Laboratory And Research Centre Nashik,Nashik,Nashik,20.525593300325653,41.029391562495185,28.006794436898392
280145,0.22739018087855298,0.00012049644535486203,0.010508462228499523,Terna Blood Centre,Thane,Thane,23.24896340443372,36.3200757948145,27.998646269461144
282735,0.00516795865633075,0.0,0.002082705931472806,Sahyaadrie Blood Centre Osmanabad,Osmanabad,Osmanabad,22.281742997906978,22.78338253234365,27.897821745787198
18285,0.04909560723514212,0.0,0.0021163231376023586,Sainath Blood Centre,Nagpur,Nagpur,21.35085189931191,39.04397257645887,27.840634511826256
18186,0.2248062015503876,6.694246964159002e-05,0.011555155296619919,Lokamanya Tssia Blood Centre,Thane,Thane,22.975361905628212,36.3200757948145,27.795696533262827
18068,0.11111111111111112,0.0,0.012507861047042388,"Sadhu Vaswani Mission Medical Complex, Inlaks And Budharani Hospital Blood Centre, Pune",Pune,Pune,28.409438092754232,21.046154413477446,27.760834316352266
18040,0.2248062015503876,0.0,0.012725866608641391,Sant Nirankari Blood Centre,Mumbai Suburban,Vile Parle,24.546551164473026,31.835192023211256,27.719616059393317
18109,0.02583979328165375,0.0,0.01211969298448867,"Indian Red Cross Society Blood Centre, Bai Gopabai Damani Blood Centre, Solapur",Solapur,Solapur,27.372696145019965,20.27266112978797,27.680604178900985
18090,0.0723514211886305,0.0029365430016110813,0.0018354050812781594,"Islampur Medical Foundations, Rajaram Bapu Blood Centre , Islampur",Sangli,Islampur,25.441097752931256,26.654096437576335,27.663172239480325
18034,0.22739018087855298,0.0,0.013199787830003407,"Seth V.C.Gandhi And M.A.Vora Municipal General Hospital, Rajawadi ,Ghatkopar",Mumbai,Ghatkopar,20.37764089070779,42.98037758796146,27.656528811360605
18261,0.015503875968992248,0.0,0.0005371845119048252,Akola Diagnostic Centre Blood Centre And Component Lab,Akola,Akola,20.618631529783638,35.137689903594776,27.44686799089016
18116,0.06201550387596899,0.0,0.0015606361846383036,Rajashri Chatrapati Shahu Maharaj Govt. Medical College And Chatrapati Pramilaraje General Hospita,Kolhapur,Karveer,26.688052822323307,23.625253641764743,27.420984205688466
18292,0.00516795865633075,0.0,0.0006773713527560779,"Kasturba Health SocietyS, Blood Centre, Sevagram(Mgims)",Wardha,Wardha,20.55573003454816,25.44008670213593,27.41314406649326
18045,0.2248062015503876,0.0,0.013094851310074231,"Dr. L. H. Hiranandani Hospital, Blood Centre",Mumbai,Mumbai,19.99690650114067,42.98037758796146,27.404719443664792
18136,0.22739018087855298,0.0,0.01118570827729769,M/S. Global Hospital-Super Speciality Andtransplant Centre,Mumbai,Mumbai,20.05330973384072,42.98037758796146,27.382151865099324
18143,0.015503875968992248,0.0,0.0009584889105445226,Dr. JondhaleS Nityaseva Blood Centre,Ahmadnagar,Shrirampur,21.576414960538433,30.377441931881673,27.294741003355902
27118,0.002583979328165375,0.0,0.027863688947878627,"Blood Bank Civil Hospital, Ratnagiri",Ratnagiri,Ratnagiri,19.562014490045662,19.97398156908031,27.279375819420643
280770,0.018087855297157625,0.0,0.005373107982513572,Jeevan Adhar Blood Centre Nanded,Nanded,Nanded,22.92154632495449,28.604898033940298,27.09235998770028
18049,0.2248062015503876,0.0,0.012397516192815218,Rotary D.G Goenka Blood Centre( Municipal Gen. Hospital),Mumbai,Mumbai,19.61526700832519,42.98037758796146,27.056727139832535
18086,0.04909560723514212,0.0,0.002132697920148368,Central India Institute Of Haematology And OncologyS Blood And Blood Component Bank And Apheresis U,Nagpur,Nagpur,20.3943951827154,39.04397257645887,27.037703956707478
283261,0.031007751937984496,0.06167440083116725,0.0,The Yugantar Education SocietyS Nashikrao Tirpude Blood Centre,Nagpur,Nagpur,19.903243049849678,39.04397257645887,27.031322450970457
18289,0.04909560723514212,0.0,0.002127524835941389,Rainbow Blood Centre,Nagpur,Nagpur,20.386081098398627,39.04397257645887,27.029561033811802
18238,0.002583979328165375,0.0,0.00022252207328801222,"Ircs Nagappa Ambarkhane Blood Centre, Udgir",Latur,Udgir,20.609495420209008,13.177560234910475,27.0197532096646
284350,0.11111111111111112,0.246964381732137,0.0158530732771146,Manipal Hospitals Pvt Ltd Blood Centre,Pune,Pune,27.53976792163093,21.046154413477446,27.011047695807665
27124,0.2248062015503876,0.0,0.006884444423151954,"Central Hospital Blood Centre, Ulhasnagar, Thane",Thane,ulhasnagar,21.7426875066782,36.3200757948145,26.843376652123762
18226,0.028423772609819122,0.0,0.002038679915937448,Lions Blood Centre,Aurangabad,Aurangabad,26.618564813923772,19.79828013027145,26.803424727292008
282586,0.023255813953488372,0.0017672811985379763,0.0011093018723694473,"Varad Charitable And Medical Trust, Balaji Blood Centre, Satara",Satara,Satara,17.04771992743128,42.356429387743056,26.773774632800205
282564,0.04909560723514212,0.0,0.002101299526622393,M/S Aman Blood Centre Gandhibag Nagpur,Nagpur,Nagpur,20.002310270761665,39.04397257645887,26.732539304121037
18164,0.00516795865633075,0.0,0.0031557622505908036,"Civil Surgeon, District General Hospital Blood Centre, Nandurbar",Nandurbar,Nandurbar,28.301999978037202,2.4741038175046532,26.656138789022243
27145,0.012919896640826874,0.0,0.0003098481080249123,"Civil Surgeon, District General Hospital Blood Centre & Blood Component Unit Hingoli",Hingoli,Hingoli,19.73428007185368,30.17981802532202,26.60767280745278
18295,0.015503875968992248,0.0030124111338715506,0.0011413565370641616,"Arpan Blood Centre,Blood Component Lab. And Aphersis Centre",Ahmadnagar,Sangamner,20.56755862014382,30.377441931881673,26.557043942182755
282565,0.018087855297157625,0.0,0.003547830491897559,"Sathiya Educational SocietyS Sathiya Trust Blood Centre, Nalasopara, Palghar",Palghar,Nalasopara,13.916903147083158,51.16602990868948,26.526099303642027
18253,0.015503875968992248,0.0,0.001091666310883653,"Shri Balaji Blood Centre , Blood Component Lab And Blood Transfusion Center",Amravati,Amravati,24.85692478791759,20.64721766980577,26.494362158823865
18139,0.012919896640826874,0.0,0.0010920244060256981,Pravara Medical Trusts Blood Centre,Ahmadnagar,Rahata,20.24493345834885,30.377441931881673,26.489831978089395
280130,0.06459948320413438,0.00027669554118523875,0.0019102966729923215,"Indian Red Cross Society, Dr. Shirgaonkar Blood Centre",Sangli,Sangli,24.48072112144413,26.654096437576335,26.43764608572521
18184,0.2248062015503876,0.0,0.011177025121937093,"Vitthal Sayanna General Hospital (Civil Hospital) Blood Centre, Thane",Thane,Thane,21.350231293723475,36.3200757948145,26.410664545441723
18221,0.023255813953488372,0.0,0.0006970815381704355,Shri Sai Seva Medical Foundation Sanchalit Nirnay Janseva Blood Centre,Dhule,Dhule,22.91618622835158,27.141049043876112,26.232819299734356
27126,0.00516795865633075,0.0,0.00034682194361262383,Civil Hospital Sindhudurg,Sindhudurg,Kudal,12.19305622653739,44.41685240748563,26.21115298918715
18225,0.028423772609819122,0.0,0.0020840666205511464,Adarsh Blood Centre,Aurangabad,Aurangabad,25.91278653166787,19.79828013027145,26.210777246732803
283305,0.2248062015503876,0.0,0.010424561354700271,Surabhi Hospital Pvt.Ltd. Surabhi Blood Centre,Ahmadnagar,Ahmednagar,23.185994658501905,30.377441931881673,26.184101652810707
18256,0.007751937984496124,0.0,0.0002952493843786067,M/S Late Dr. Sadanandji Burma Trust Blood Centre,Amravati,Amravati,21.011236258041656,20.64721766980577,26.087502699726056
27122,0.04909560723514212,0.0,0.002045161446988374,Indira Gandhi Medical College & Hospital Nagpur,Nagpur,Nagpur,18.944449333401476,39.04397257645887,25.86058493573995
280132,0.06459948320413438,0.00045111786486249267,0.0019037070419085534,Prakash Blood Centre And Blood Component Seperation Unit,Sangli,Uran Islampur,23.578666960391857,26.654096437576335,25.683141369670572
18176,0.020671834625323,0.0,0.0005357338805867837,"Late. Dr. G.M. Bhavsar Charitable TrustS,Malegaon Blood Centre",Nashik,Malegaon,16.815001497383626,41.029391562495185,25.598568805670393
18025,0.22739018087855298,1.3388493928318003e-05,0.01224273457697265,"S. L. Raheja Hospital. Blood Centre, Mahim",Mumbai,Mumbai,17.735841549341075,42.98037758796146,25.4824740183344
18208,0.018087855297157625,0.0,0.01045326664648332,M/S. Shri Hazur Saheb Blood Centre,Nanded,NANDED,20.273664634201936,28.604898033940298,24.86099311999623
18181,0.002583979328165375,0.0,0.0005911609886870832,"Shree Swami Samartha Vaidyakiya Shaikshanik And Sanshodhan Sanstha, Late Shri Mukeshbai Patel Blo",Dhule,Shirpur,12.832223285194347,27.141049043876112,24.837570989433104
283840,0.020671834625323,0.0,0.0007825025485296203,"Radhai Blood Centre, Components Laboratory And Apheresis Centre, Udgir, Dist. Latur",Latur,UDGIR,25.92687074829932,13.177560234910475,24.592886223866746
284510,0.02583979328165375,0.0,0.0008557675198428911,"Saiseva Blood Cantre, Blood Components And Apheresis Centre",Ahmadnagar,Ahmednagar,19.91934284631479,30.377441931881673,24.592312382871658
18153,0.023255813953488372,0.0,0.0006963551788633063,Jeevan Jyoti Blood Centre,Dhule,Dhule,20.89381442142842,27.141049043876112,24.54915510525017
27116,0.11369509043927649,0.0,0.004290268853706151,"Blood Bank Civil Hospital, Alibag",Raigarh,Alibag,19.108778353971925,33.14696460504184,24.50629384337617
18137,0.02583979328165375,0.00010710795142654402,0.0009058484562861688,"Padmashri Dr. Vitthalrao Vikhe Patil Foundation Ahmednagar Medical College Hospital, Blood Bank",Ahmadnagar,Ahmednagar,19.39846444270116,30.377441931881673,24.376053611490388
284433,0.05426356589147287,0.0005547299317633093,0.0013864639465182413,"Ayush Blood Centre, Vaduj, Tal. Khatav, Dist. Satara",Satara,Vaduj,15.82828079000554,42.356429387743056,24.184107233402806
18124,0.06459948320413438,0.0,0.0018429237069439914,Acharya Shree Tulsi Blood Centre,Kolhapur,jaysingpur,22.760818887588055,23.625253641764743,24.17881339981727
284454,0.2248062015503876,0.0022636343899488263,0.011429391860694636,"Bhavar Blood Centre, Badlapur (E), Taluka Ambernath, Dist. Thane",Thane,Badlapur,18.572690814497346,36.3200757948145,24.088436288785516
283250,0.031007751937984496,0.03300178312941882,0.0,Ms.Sanjeevani Blood Centre,Latur,Latur,25.945363491868033,13.177560234910475,24.076637686890063
18096,0.06459948320413438,0.0,0.0018390940151071602,Bharati Vidyapeeth University Medical College And Hospital Blood Centre,Sangli,Sangli,21.53301933894032,26.654096437576335,23.985635601140235
282733,0.11111111111111112,0.13091984255772623,0.0158530732771146,Rotary Blood Centre,Pune,Pune,23.88060291804617,21.046154413477446,23.964721062319672
283310,0.00516795865633075,0.0,0.00027729811655519446,Renuka Blood Centre Component And Apheresis Centre,Osmanabad,Osmanabad,17.446521362875878,22.78338253234365,23.87672695797396
282562,0.2248062015503876,0.0,0.010678523287629969,Kokilaben Dhirubhai Ambani Hospital Navi Mumbai Blood Centre,Thane,Thane,18.180501794756307,36.3200757948145,23.85140038822862
18130,0.06459948320413438,0.0,0.0018353552505247265,"Shri Basaveshwar Manav Vikas, Grameen Sevabhavi Sanstha, Adarsh Blood Centre",Sangli,Sangli,21.317931471292,26.654096437576335,23.806570732757606
284150,0.00516795865633075,0.0,0.0035772744324386093,"Shri Dhaneshwari Manav Vikas Mandals, Shantai Blood Centre, Pedgaon, Dist. Parbhani",Parbhani,Pedgaon,16.329018264229287,25.18888658928025,23.69859870593188
27120,0.11111111111111112,7.498832583999578e-05,0.01566000656755183,Sasoon Blood Centre Pune,Pune,Pune,23.434135742785358,21.046154413477446,23.593028382256666
280719,0.018087855297157625,0.0,0.008416647674383427,Swami Vivekanand Blood Centre,Nanded,Nanded,18.70490640979172,28.604898033940298,23.579360428065993
18030,0.22739018087855298,0.0,0.01272369040672378,K.J.Somaiya Medical College And Hospital Blood Centre,Mumbai,Mumbai,15.438306631088054,42.98037758796146,23.56143606241674
282577,0.2248062015503876,0.0006231805306060195,0.011429391860694636,"Welfare And Educational Trust Of Nmrcw, Chemist Blood Centre",Thane,Thane,17.869890870084035,36.3200757948145,23.503341550892383
284508,0.012919896640826874,0.0,0.0008193352151847225,Dr.Rajendra Gode Blood Centre And Component Lab,Amravati,Amravati,20.661467455680494,20.64721766980577,23.43288410878624
18079,0.11111111111111112,0.0,0.009519399019495035,Pimpari Serological Institute Blood Centre,Pune,Pune,23.140072819222617,21.046154413477446,23.358706605625827
282741,0.031007751937984496,0.01756233082381203,0.0,"Jeevandai Blood Centre, Components And Apheresis Centre Beed",Bid,Beed,18.453455786090174,30.82334408485298,23.286667644808244
18231,0.020671834625323,0.0,0.0005303933803408618,"Dean, Swami Ramanand Tirtha Rural Medical College. And Hospital, Blood Centre",Bid,Ambajogai,17.072688921611757,30.82334408485298,23.18136935193211
18188,0.2248062015503876,0.0,0.012285525813138513,M/S Balasaheb Thackerey Blood Centre,Mumbai,Mumbai,14.957366973757878,42.98037758796146,23.157081925420563
18035,0.22739018087855298,2.6776987856636006e-05,0.012283670075003554,"Sushilaben R. Mehta And Sir. Kikabai Cardiac Institute, Blood Centre",Mumbai,Mumbai,14.765838096136694,42.98037758796146,22.999449799487504
284361,0.03617571059431525,0.0,0.0010285147322856838,"Laksh Foundation, Lifeline Blood Centre, Nashik",Nashik,Nashik,14.481597227099272,41.029391562495185,22.99436023191976
18297,0.03617571059431525,0.0,0.001042061851188279,The Santajee Educational And Medical Foundation Trusts Navjeevan Blood Centre,Nashik,Nashik,14.413745337732628,41.029391562495185,22.942921928847845
280694,0.007751937984496124,0.0003347123482079501,0.000421285270480021,Medicare Blood Centre,Yavatmal,Pusad,17.19982225983103,21.22687154225187,22.937279972672727
18121,0.0723514211886305,0.0010175255385521682,0.0017744086700800029,"Mahatma Gandhi Hospital Blood Centre, New Pargaon",Kolhapur,Hatkanangale,20.855230461060682,23.625253641764743,22.82928151882181
18011,0.0103359173126615,0.0,0.0007266884226793393,General Hospital Blood Centre,Chandrapur,Chandrapur,12.404740246757807,39.57785347341144,22.82763326275786
18061,0.2248062015503876,0.0,0.011478735787159687,"Acharya Anandrishiji Blood Centre, Pune",Pune,Pune,22.676794620441825,21.046154413477446,22.81311740755509
18082,0.11111111111111112,0.0,0.014115287792522847,Rakesh Jain Memorial Blood Centre,Pune,Pune,22.407473915322242,21.046154413477446,22.749006194593353
18104,0.0103359173126615,0.0013656263806884363,0.0008030109848501858,Phaltan Medical FoundationS Blood Centre,Satara,Phaltan,10.504316069688315,42.356429387743056,22.674029766344304
27154,0.22739018087855298,1.3388493928318003e-05,0.010061879928757138,"Sir, J.J. Group Hospital Blood Centre, Byculla Mumbai",Mumbai,Mumbai,14.37877852199705,42.98037758796146,22.653897389212375
283290,0.031007751937984496,0.009290688904667973,0.0,Jijai Blood Centre Components Laboratory And Apheresis Centre C,Nanded,Nanded,18.47320805375507,28.604898033940298,22.618285471233392
284864,0.028423772609819122,0.0,0.0013888518223390007,"Sahyaadrie Blood Centre, Midc Waluj Industrial Area, Vadgaon Kolhati, Chh. Sambhajinagar.",Aurangabad,Aurangabad,21.605391741540053,19.79828013027145,22.61672286844991
18076,0.06201550387596899,0.0,0.0016302743340946475,"Abhinav Sikshan MandalS, Sanjeevan Blood Centre",Kolhapur,Kolhapur,20.91949202219199,23.625253641764743,22.561388882130483
27104,0.028423772609819122,0.0,0.0020981893945699647,Sanjeevani Blood Centre,Aurangabad,Aurangabad,21.51264636508552,19.79828013027145,22.541420152913425
280768,0.11111111111111112,0.0,0.010036343914414991,Sanjeevani Blood Centre Bhosari,Pune,Bhosari,22.079295715631435,21.046154413477446,22.530513224672
18266,0.04909560723514212,0.0,0.0020724394947357,"Adarsh Sanskaar Mandal Sanchalit, Dr. Hedgewar Rakta Pedhi, Blood Centre",Akola,Akola,16.389856655043104,35.137689903594776,22.49485264861227
283264,0.031007751937984496,0.004878418407863424,0.0,Aurangabad Thalassemia Society Shri Satya Sai Blood Centre,Aurangabad,Aurangabad,21.57680008055854,19.79828013027145,22.483515405169623
280124,0.11111111111111112,0.0,0.009781936863987916,M/S Pimpri Chinchwad Blood Centre,Pune,Pimpri,22.097229589660007,21.046154413477446,22.480036113799372
18115,0.02583979328165375,2.0082740892477003e-05,0.01703328740666921,"Athar Blood Centre, Solapur",Solapur,Solapur,21.101623193956296,20.27266112978797,22.446482249283328
280520,0.028423772609819122,0.0,0.0020784203616975314,Mgm Medical College And Hospital Blood Centre,Aurangabad,Aurangabad,21.07054692378304,19.79828013027145,22.177834756101735
280148,0.06201550387596899,0.0,0.00168208237573537,"M/S Adhar Blood Centre, Ichalkaranji",Kolhapur,Kolhapur,20.28794723152947,23.625253641764743,22.047300297314926
18044,0.22739018087855298,0.0,0.011944417534325605,Bandra Holly Family Hospital Society Blood Centre,Mumbai,Mumbai,13.62867945878348,42.98037758796146,22.039196403034953
284443,0.028423772609819122,0.0,0.0014133380282615024,"Maharashtra Blood Centre, Waluj Midc, Dist. Chh. Sambhaji Nagar (Aurangabad)",Aurangabad,Waluj,20.895423036116345,19.79828013027145,22.025659996413143
282571,0.012919896640826874,4.909114440383268e-05,0.0005543073792409197,"Shri Manoharpant Sapate Bahuuddeshiya Samajseva Sansthan TrustS, M/S. Medicare Blood Centre",Solapur,Solapur,19.039916923443208,20.27266112978797,21.879061241374988
18003,0.22739018087855298,1.3388493928318003e-05,0.01021305697364749,"Byl Nair Hospital, Blood Centre",Mumbai,Mumbai,13.38280069075897,42.98037758796146,21.833325559678034
283306,0.007751937984496124,0.0,0.0007551939847946766,Jalna Blood Centre Components And Apheresis Centre,Jalna,Jalna,18.210549153153796,17.91175590884358,21.75076745303767
18125,0.06201550387596899,0.0,0.001632860644266696,"Arpan Blood Centre, Blood Component And Apheresis Centre Kolhapur",Kolhapur,KOLHAPUR,19.72276961302424,23.625253641764743,21.565094004919935
18131,0.02583979328165375,0.0,0.014032078586593116,"Azad Panchi Groups, M/S Siddheshwar Blood Centre, Solapur",Solapur,Solapur,20.02126529191,20.27266112978797,21.560393808465452
280757,0.22739018087855298,1.3388493928318003e-05,0.01014236830462668,Nh Srcc ChildrenS Hospital Blood Centre,Mumbai,Mumbai,13.021391943867474,42.98037758796146,21.543563906812476
284095,0.22739018087855298,1.3388493928318003e-05,0.008470776753929085,"Chhatrapati Shahu Maharaj Pratishthan, Swastik Blood Centre, Kamothe, Navi Mumbai",Raigarh,Navi Mumbai,16.54379141965537,33.14696460504184,21.476527543283172
18145,0.03359173126614987,0.0025572023403087384,0.001019503091638798,"Rotary Blood Centre, Rahuri Charitable Trust",Ahmadnagar,Rahuri,15.851359398917992,30.377441931881673,21.46049176781206
280126,0.11111111111111112,0.0,0.009452726024186892,Morya Blood Centre,Pune,Chinchwad,20.855685819325544,21.046154413477446,21.45690962402956
18194,0.2248062015503876,0.0,0.008312758138752983,Plasma Blood Centre,Thane,Thane,15.306122448979592,36.3200757948145,21.388459636541995
18097,0.06459948320413438,0.00045111786486249267,0.0017664297283897297,"Miraj Serological Institute Blood Centre, Miraj",Sangli,Sangli,18.355676728702367,26.654096437576335,21.334899562139107
18026,0.015503875968992248,6.91738852963097e-05,0.0005336781116990822,"Shri Balyogi Shikshan Prasarak Mandal Charitable Trust, Sai Jeewan Blood Centre",Akola,Akola,13.242359408069023,35.137689903594776,21.280150754144035
18031,0.22739018087855298,0.0,0.01256939707522948,"L.T.M.G., Municipal Hospital Blood Centre",Mumbai,Mumbai,12.516959529744199,42.98037758796146,21.123198058741252
18257,0.012919896640826874,0.0,0.0006414312186009686,"Sant Gadgebaba Blood Centre And Component Centre, Badnera",Amravati,Amravati,17.615046189549243,20.64721766980577,21.114461688318485
18122,0.06201550387596899,0.0,0.0016605856156249627,Dr. D.Y Patil Hospital Blood Centre,Kolhapur,Kolhapur,19.024405925773216,23.625253641764743,21.03165886567987
282598,0.02583979328165375,0.0,0.01702829778471942,Dnyandeep Blood Center Of Modern Institute Of Technology,Solapur,Natepute,19.36491497467997,20.27266112978797,21.000699793046152
18138,0.02583979328165375,0.0,0.0008486634683199832,Jankalyan Blood Centre,Ahmadnagar,Ahmednagar,15.569646918848022,30.377441931881673,20.974074574138037
283609,0.04909560723514212,0.0,0.0017471876544753583,Aiims Nagpur Blood Center,Nagpur,Nagpur,12.888151516684498,39.04397257645887,20.964855972465937
18064,0.11111111111111112,0.0,0.009449335367112373,M/S Bharati Vidyapeeth Medical Foundations Bharati Hospital Blood Centre,Pune,Pune,20.170964311227916,21.046154413477446,20.894883067817762
18134,0.06459948320413438,7.958715835166817e-05,0.0019037070419085534,"Azad Panchi Groups, Miraj Serological Institute Blood Centre",Sangli,Sangli,17.789021793048374,26.654096437576335,20.863148214279942
18126,0.2248062015503876,0.0,0.010538817610197112,"Sai Seva Medical Foundation, Vaibhavlaxmi Blood Centre",Kolhapur,Kolhapur,19.221178773653385,23.625253641764743,20.738090440278626
18216,0.22222222222222224,0.0,0.007975622313902924,Rotary Club New Panvel Charitable Trust S Late Dr. B.V. Limaye Blood Centre,Raigarh,PANVEL,15.454352001257242,33.14696460504184,20.57346537695008
18244,0.018087855297157625,0.0,0.006315673695234249,Golwalkari Guruji Blood Centre,Nanded,Nanded,15.086274639120552,28.604898033940298,20.562543346087395
27121,0.06459948320413438,0.0,0.0017584611496152657,"Government Medical College And Hospital ,Blood Centre, Miraj",Sangli,Miraj,17.28655549826624,26.654096437576335,20.486104552116522
283298,0.031007751937984496,0.002533364426415988,0.0,Ved Medical Foundation Pune Vita Blood Centre,Sangli,Sangli,16.62918033900935,26.654096437576335,20.480890788901625
284112,0.0103359173126615,3.681835830287451e-05,0.0004942225020462109,Mahalaxmi Blood Centre,Kolhapur,Kolhapur,15.347887312664675,23.625253641764743,20.34586299409855
18112,0.03617571059431525,0.0,0.0009428761127775274,"Smbt Institute Of Medical Science And Research Centre, Blood Centre And Component",Nashik,Nashik,10.653438205914556,41.029391562495185,20.15064386851579
27127,0.018087855297157625,0.0,0.0007726189628031832,"Blood Centre, Govt.Medical College, General Hospital Latur",Latur,Latur,20.1137943591344,13.177560234910475,19.970136497310165
18129,0.11111111111111112,0.0,0.009980842998186263,Chattrapati Shahu Maharaj Aadhar Blood Centre,Pune,Pune,18.95391188194418,21.046154413477446,19.88166305012351
280516,0.0103359173126615,0.0,0.0002891105340521559,"Sadguru Gajanan Maharaj Education Society, Paramedical Inst., Revneel Blood Centre",Solapur,Sangola,14.963875874527659,20.27266112978797,19.72684284505814
280662,0.11111111111111112,0.0,0.004044144499432458,Mimer Medical College And Garware Blood Centre,Pune,Pune,18.65761081785857,21.046154413477446,19.70806775789062
18175,0.03617571059431525,0.0,0.0010155039375987715,Ndmvps Medical College And Hospital Blood Centre,Nashik,Nashik,10.306691712730217,41.029391562495185,19.678097696091548
18220,0.020671834625323,0.0,0.0007861540750489292,"Mauli Blood Centre, Latur",Latur,Latur,19.819031227211987,13.177560234910475,19.507990028168884
280753,0.007751937984496124,0.0,0.0006888572973479487,Girija Blood Centre,Pune,Baramati,14.33577747550754,21.046154413477446,19.487522046637366
18262,0.00516795865633075,0.0,0.0033325808351123884,"Civil Surgeon, District General Hospital Blood Centre",Parbhani,Parbhani,11.131659042638475,25.18888658928025,19.371695217014164
18189,0.2248062015503876,0.0,0.011513492700385588,Jupiter Hospital Blood Centre,Thane,Thane,12.89919072301401,36.3200757948145,19.36611688427358
18142,0.02583979328165375,0.0,0.0008581458538919454,"Civil Surgeon, General Hospital, Blood Centre",Ahmadnagar,Ahmednagar,13.57936412480161,30.377441931881673,19.314155749822365
284358,0.11111111111111112,0.0690434478722246,0.0158530732771146,"Poona Medical Relief And Research Foundation, Kai Madhukar Sakharam Bidkar Blood Centre, Pune",Pune,Pune,18.181374303601096,21.046154413477446,19.220001460576594
280123,0.11111111111111112,0.0,0.014566747941226713,M/S Vidyashree Charitable Trusts Om Blood Centre,Pune,Pune,18.16044274348556,21.046154413477446,19.209566065881923
284467,0.0103359173126615,6.6942469641590015e-06,0.0004942225020462109,"Mahalaxmi Blood Centre, Kagal,Kolhapur",Kolhapur,Kolhapur,13.914149992946546,23.625253641764743,19.15224855522952
18255,0.012919896640826874,0.0,0.0009425577934535272,"Dr. P.D.M.H.C. Hospital And Research Centre, Blood Bank",Amravati,Amravati,15.517043597703292,20.64721766980577,19.150050348309726
283208,0.023255813953488372,0.0,0.0008289412796613227,Support Multipurpose Society Aadhar Blood Centre,Ahmadnagar,Sangamner,12.575979566757274,30.377441931881673,18.925630269649623
18004,0.028423772609819122,0.0,0.0020393127275299384,Goodwill Social ClubS Amruta Blood Centre,Aurangabad,Aurangabad,17.106460684239707,19.79828013027145,18.892241343136693
18171,0.03617571059431525,0.0,0.0010153627349420193,"Jankalyan Blood Centre, Nashik",Nashik,Nashik,9.426741124760117,41.029391562495185,18.805737274161498
18102,0.023255813953488372,0.002592904990784253,0.0015454913243000627,"Krishna Hospital And Medical Research Centre, Blood Centre",Satara,Satara,8.269882495811878,42.356429387743056,18.730945124537698
27114,0.015503875968992248,2.6776987856636006e-05,0.0010916082694359243,"Blood Bank Civil Hospital, Amravati",Amravati,Amravati,15.520959607384079,20.64721766980577,18.72198803770234
283142,0.031007751937984496,0.00129042068008387,0.0,Samarpan Blood Centre,Bhandara,Bhandara,15.834255881628502,22.995117483957436,18.6895869328605
280138,0.02583979328165375,0.0,0.010406345436784242,Irrapanna N Bolli Blood Centre,Solapur,Solapur,16.463404180796083,20.27266112978797,18.611843147433454
284015,0.0103359173126615,0.0,0.00032967905877867435,Aai Bahuuddeshiya Sevabhavi Sanstha Shourya Blood Centre Yavatmal,Yavatmal,Yavatmal,14.083850187606593,21.22687154225187,18.610682439436562
282568,0.020671834625323,2.0082740892477003e-05,0.0007817710291099109,Vbss Sanchalit Latur Blood Centre And Components Latur,Latur,LATUR,18.747211764881875,13.177560234910475,18.602553713768145
18081,0.11111111111111112,0.0,0.008454688684886455,Aditya Birla Memorial Hospital Blood Centre,Pune,PUNE,17.31895600851945,21.046154413477446,18.57859161465508
18094,0.06459948320413438,7.958715835166816e-05,0.0017664297283897297,Vasantdada Patil Blood Centre And Haematology Research Centre,Sangli,Miraj,15.010696697744251,26.654096437576335,18.55013808054139
18114,0.02583979328165375,0.0,0.014863991932763774,Akshay Blood Centre,Solapur,Solapur,16.405983781636984,20.27266112978797,18.545853589087898
284721,0.015503875968992248,0.0,0.0005656779174922055,"Kranti Mitra Mandal Public Charitable Trusts, Om Blood Centre, Shirur.",Pune,Shirur,13.571090037932114,21.046154413477446,18.367411213968484
280692,0.11111111111111112,0.03617073793216249,0.0158530732771146,Pune Blood Centre,Pune,Pune,17.017042941836248,21.046154413477446,18.250672765621655
284764,0.015503875968992248,1.3388493928318003e-05,0.0009665567644859856,"Blood Centre And Component Separation Unit, Sub-District Hospital, Dharni, District Amravati",Amravati,Dharni,14.698140324950224,20.64721766980577,18.143683623824085
284254,0.03359173126614987,0.0002677698785663601,0.0018870624761031852,Blood Center District Hospital Aurangabad,Aurangabad,Aurangabad,16.05268606476883,19.79828013027145,17.938429709919497
284432,0.012919896640826874,0.00032132385427963205,0.0003945704894776679,"City Blood Centre, Component And Apheresis Centre, Beed",Jalna,Jalna,13.97233876203428,17.91175590884358,17.84243384185522
18283,0.04909560723514212,0.0,0.00207404093936224,Dr. Hegdewar Blood Centre,Nagpur,Nagpur,9.297696340002394,39.04397257645887,17.796345509925228
280696,0.06459948320413438,1.3388493928318003e-05,0.0017843192015803647,Shaswat Blood Centre Sangli,Sangli,Miraj,13.787142054741267,26.654096437576335,17.537134985659453
283207,0.11111111111111112,0.018756746113276,0.0158530732771146,Muktai Blood Centre Of Shivpooja Bahuudeshiya Shikhan Prasarak Mandal Solapur,Pune,Pune,15.962612387022926,21.046154413477446,17.37283864796243
280535,0.11111111111111112,0.0,0.01110875058820407,Jupiter Lifeline Hospital Blood Centre,Pune,Pune,15.879016757311218,21.046154413477446,17.36628824823074
27111,0.03875968992248062,0.0,0.0011771198435265057,Shwas foundation kavathemahankal trust sanchalit maha blood centre and comprehensive thalassemia day,Pune,Pune,14.282245592945655,21.046154413477446,17.312929335095237
18248,0.03617571059431525,0.00014727343321149804,0.0011285143746795159,Noor Hospital Blood Centre,Jalna,Warudi,15.530370378998178,17.91175590884358,17.30029523272606
18154,0.023255813953488372,0.0,0.00069036964530187,Shree Navjeevan Blood Centre Dhule,Dhule,Dhule,12.019513115073961,27.141049043876112,17.185070757112065
18111,0.00516795865633075,0.0,0.0001406927036806895,"Indian Red Cross Society Blood Centre, Shriman Rambhai Shah Blood Centre",Solapur,Solapur,9.200510679327362,20.27266112978797,17.119965308478488
18095,0.06459948320413438,0.0,0.001902155669373423,"Hindratna Prakashbapu Patil Blood Centre, Sangli",Sangli,Sangli,13.179784410043169,26.654096437576335,17.03005581910461
280674,0.012919896640826874,1.3388493928318003e-05,0.0005814054791467115,Pandharpur Blood Centre,Solapur,Pandharpur,13.02777323344188,20.27266112978797,16.902451794339196
18147,0.02583979328165375,2.6776987856636006e-05,0.000836674005705882,Anandrushiji Blood Centre,Ahmadnagar,Ahmednagar,10.59805377675497,30.377441931881673,16.85608022196639
280141,0.02583979328165375,0.0,0.01645178080767717,Mallikarjun Blood Centre,Solapur,Solapur,14.26880624276587,20.27266112978797,16.76209504136712
284448,0.11111111111111112,0.009546692523334075,0.0158530732771146,"Shwas Foundation Poona Blood Centre, Narayangaon, Tal- Junnar, Dist. Pune",Pune,Narayangaon,14.756941269080807,21.046154413477446,16.369093795184234
18098,0.06459948320413438,1.3388493928318003e-05,0.0017898120760301973,"Akshay Blood Centre, Miraj",Sangli,Miraj,12.260157346153921,26.654096437576335,16.26589026667536
280125,0.11111111111111112,0.0,0.008609788779545786,Red Plus Blood Centre Pune,Pune,Pune,14.518521769474738,21.046154413477446,16.23602062338318
18080,0.11111111111111112,0.0,0.014198479722295551,Konkan Mitra Mandal Medical TrustS Sahyadri Speaciality Hospital Blood Centre,Pune,Pune,14.50141251900061,21.046154413477446,16.1864182027409
283459,0.11111111111111112,0.0,0.006149122586421763,"Azad Panchi Groups Sanchalit, Janseva Blood Centre, Hinjewadi Phase-1, Pune",Pune,Hinjewadi,14.093229122661226,21.046154413477446,16.036401350903393
283233,0.031007751937984496,0.0006324776025944843,0.0,Kurduwadi Blood Centre,Solapur,Solapur,13.397648273733944,20.27266112978797,15.82065081633161
282668,0.028423772609819122,0.0,0.0019884276158453154,Lokmanya Blood Centre,Aurangabad,Aurangabad,13.41918257781606,19.79828013027145,15.8146801333611
18070,0.11111111111111112,0.0,0.006103765644157032,Jehangir Hospital Blood Centre,Pune,Pune,13.823406810438847,21.046154413477446,15.712204838467212
18107,0.02583979328165375,0.0,0.014069646749513408,Dr. Hegdewar Rakta Pedhi,Solapur,Solapur,12.945655317412653,20.27266112978797,15.668852249443415
18123,0.06201550387596899,0.0,0.0016106026136454828,Rajarshi Shahu Indian Red Cross Blood Centre,Kolhapur,Kolhapur,12.471365428553526,23.625253641764743,15.53610201882998
284016,0.22739018087855298,0.00020739414642294477,0.013135355389537327,"Dr. R.N.Cooper Hospital Blood Centre Vile Parle (W) Mumbai,",Mumbai,Mumbai,5.77049848694194,42.98037758796146,15.484434813458614
18223,0.028423772609819122,0.0,0.0020968288492520955,Dattaji Bhale Blood Centre,Aurangabad,Aurangabad,12.984002458186888,19.79828013027145,15.441156826261677
18043,0.11111111111111112,0.0,0.014571209709979355,Poona Serological Institute Blood Centre,Pune,Pune,13.559775885927188,21.046154413477446,15.379420673079082
284529,0.11111111111111112,0.0,0.01436871604687355,Spandan Blood Centre,Pune,Pune,13.16496310299009,21.046154413477446,15.099325538602084
18062,0.11111111111111112,0.0,0.0065148204045199845,Akshay Blood Centre,Pune,Pune,12.940550564546893,21.046154413477446,14.982395729130943
280146,0.0103359173126615,0.0,0.0003362241742867484,Blood Centre Shri Vasantrao Naik Govt. Medical College And Hospital,Yavatmal,Yavatmal,9.320018738259588,21.22687154225187,14.589838542003859
282601,0.11111111111111112,0.004671117431802561,0.0158530732771146,Symbiosis University Hospital And Research Center Blood Centre Of Symbiosis Trust,Pune,Pune,12.367590783249176,21.046154413477446,14.379912652875637
280147,0.0103359173126615,0.0,0.00033742985860231136,"Ocean Bahuuddeshiy Sanstha, M/S Ekneel Blood Centre",Yavatmal,Pusad,8.720495061120664,21.22687154225187,14.108262494601675
18227,0.0103359173126615,0.0,0.0007579015272327139,Jankalyan Blood Centre,Jalna,Jalna,9.933542885309025,17.91175590884358,14.090729474507231
18021,0.22739018087855298,0.0,0.010088067397638479,Sir J.J.Mahanagar Rakthapedhi,Mumbai,Mumbai,3.826530612244898,42.98037758796146,13.86894404079709
18203,0.018087855297157625,0.0,0.011921366480889364,"Jai Matadi Bahuuddeshiya Sevabhavi Sasthas Guru Gobindsinghji Blood Centre, Blood Comp And Aphs Nand",Nanded,Nanded,6.775656369962591,28.604898033940298,13.619767943095466
18072,0.11111111111111112,0.0,0.012660706192825319,"Metro Blood Centre,Civil Hospital Aundh Pune",Pune,Pune,11.365075634650426,21.046154413477446,13.608343730700945
18268,0.020671834625323,0.0,0.000784054926861322,Arpan Blood Centre Blood Component And Apheresis Centre,Latur,Latur,12.632755887166391,13.177560234910475,13.539670097537044
18069,0.11111111111111112,0.0,0.013487012199647496,Jankalyan Raktapedhi Pune,Pune,Pune,10.98754795269671,21.046154413477446,13.266898912539277
284555,0.11111111111111112,0.0,0.0045759664285642135,M/S. Freedom Foundation Sanchlit Lifeline Blood Centre,Pune,Pune,10.522685671169667,21.046154413477446,12.935583021205645
18065,0.11111111111111112,0.0,0.013229319056586841,"Deenanath Mangeshkar Hospital, Blood Centre",Pune,PUNE,10.281905311458988,21.046154413477446,12.667942714838935
284720,0.11111111111111112,0.0,0.009720499305635646,"Dr. D.Y. Patil Medical College Hospital And Research Centre Blood Centre, Pimpri, Pune.",Pune,Pimpri,10.04776911975189,21.046154413477446,12.45154758230503
284835,0.00516795865633075,0.00011603361404542271,0.00031889041396998384,"Shaurya Blood Centre, Blood Component And Apheresis Centre, Ahmedpur, Dist. Latur",Latur,Ahmedpur,6.1426790505903694,13.177560234910475,12.448067063345153
280537,0.012919896640826874,8.925662618878668e-06,0.0005543073792409197,M/S. Sri. Bhagwant Blood Centre,Solapur,Solapur,7.430048902747736,20.27266112978797,12.213618407264796
283259,0.031007751937984496,0.0002837616907585177,0.0,Sanjeevan Blood Component And Apheresis Centre,Thane,Badlapur,2.88087916248909,36.3200757948145,12.019013503372225
18078,0.11111111111111112,0.0,0.008743339736431315,Noble Charitable TrustS Noble Blood Centre,Pune,Pune,9.217700831879675,21.046154413477446,11.883050309619286
283287,0.031007751937984496,9.818228880766537e-05,0.0,Manikraj Bahuudeshiya Samajsevi Sanstha Shivneri Blood Centre,Pune,Pune,8.343860126882628,21.046154413477446,11.852047660110607
284246,0.00516795865633075,0.0,0.004286637716222144,Ms.Rambhabai Bahuuddeshiya Seva Sanstha Seva Blood Centre,Nandurbar,Nandurbar,7.962220338242491,2.4741038175046532,9.717205678700633
18084,0.11111111111111112,0.0020739768835255573,0.0158530732771146,Chakan Blood Centre,Pune,Pune,6.203557824204752,21.046154413477446,9.248234317944311
27108,0.00516795865633075,0.0,0.003392033178773738,Jankalyan Blood Center,Nandurbar,Nandurbar,7.0175852406938715,2.4741038175046532,8.930778432656595
284803,0.11111111111111112,0.0,0.0076976647838332595,"Hinjewadi Blood Centre, Hinjewadi, Tal. Mulshi, Dist. Pune",Pune,Pune,5.323240745869456,21.046154413477446,8.63564987409671
283260,0.11111111111111112,0.0006694246964159003,0.0158530732771146,Samarpit Bahuddeshiya Sevabhavi Sanshta Tarpan Blood Centre,Pune,Pune,5.212246304022793,21.046154413477446,8.422948034583131
18073,0.11111111111111112,0.0,0.013550903557650117,"Grant Medical Foundation, A.H. Wadia Trust Blood Centre",Pune,Pune,4.771056291216577,21.046154413477446,8.08141784181886
282670,0.11111111111111112,0.0,0.009781846649250749,Pimpri Chinchwad Municipal CorporationS Y.C.M. Hospital Blood Centre,Pune,Pune,3.626238532560221,21.046154413477446,7.102573783175562
18252,0.028423772609819122,0.0,0.002042002941926184,"Dean, Govt. Medical College Hospital Blood Centre Aurangabad",Aurangabad,Aurangabad,2.1951492742862566,19.79828013027145,6.463696005592463
18237,0.020671834625323,4.0165481784954006e-05,0.0007924550532300207,"Dean, Maeer,S Smt.Saraswati Karad Blood Centre",Latur,Latur,3.4618205199060497,13.177560234910475,5.930430618219318
283288,0.031007751937984496,0.0,0.0,Vidyashree Charitable Trust Shiv Shambho Blood Bank,Solapur,Solapur,,20.27266112978797,
18110,0.012919896640826874,0.0,0.0005715925097038751,"Indian Red Cross Society , Sarjubai, Bansila Bajaj Blood Centre",Solapur,Pandharpur,,20.27266112978797,
18133,0.018087855297157625,0.0,0.010220290980624012,M/S Nanded Blood Centre,Nanded,Nanded,,28.604898033940298,
18191,0.2248062015503876,0.0,0.011164583781939685,Blood Line Charitable Blood Centre,Thane,Thane,,36.3200757948145,
18233,0.22739018087855298,1.3388493928318003e-05,0.012687573504079236,Pallavi Blood Centre Govandi East,Mumbai,Mumbai,,42.98037758796146,
280144,0.2248062015503876,1.3388493928318003e-05,0.011297982457378206,M/S Sadgurus Charitable Blood Centre,Thane,Navi Mumbai,,36.3200757948145,
280735,0.22739018087855298,0.0,0.010139606715922872,Jagjivan Ram Hospital (Western Railway) Blood Centre,Mumbai,Mumbai,,42.98037758796146,
