hospital_code,blood_bank_name,district,city,area,observations,stockout_frequency,low_stock_frequency,stock_volatility,stockout_score,low_stock_score,volatility_score,BBRI,risk_class,recovery_rate,recovery_score
18275,Shri Gajanan Blood Centre And Components,Yavatmal,Yavatmal,Bajaj Satkar Bhavan,15,0.9583333333333331,0.0416666666666666,0.1669010724778589,95.83333333333331,5.102040816326531,0.0328873094031967,50.24206536476576,High Risk,0.0,100.0
18264,"Medical Supritendant District-Hospital For Women, Blood Centre(C.S)",Akola,Akola,Akola,15,0.9833333333333334,0.0166666666666666,0.0645497224367902,98.33333333333334,2.0408163265306123,0.0127193112791459,50.09671724278577,High Risk,0.0,100.0
18178,"Medical Superintendent, Regional Referal Hospital Blood Bank,(Superspeciality Hospital) Nashik",Nashik,Nashik,Shalimar Chowk,15,1.0,0.0,0.0,100.0,0.0,0.0,50.0,Moderate Risk,0.0,100.0
18033,Bhabha Atomic Research Centre Hospital Blood Centre,Mumbai,Mumbai,Anushakti Nagar,15,1.0,0.0,0.0,100.0,0.0,0.0,50.0,Moderate Risk,0.0,100.0
280131,"Padma Bhushan Vasantdada Patil (Civil Surgeon), Govt. General Hospital Blood Centre, Sangli",Sangli,Sangli,Govt. Genera,15,1.0,0.0,0.0,100.0,0.0,0.0,50.0,Moderate Risk,0.0,100.0
18279,"Medical Superitendant, Saibai Mote General Hospital Blood Centre, Shegaon",Buldana,Shegaon,Shegaon,15,1.0,0.0,0.0,100.0,0.0,0.0,50.0,Moderate Risk,0.0,100.0
18206,Tarapure Automic Power Station Hospital Blood Centre,Palghar,Boisar,Palghar,15,1.0,0.0,0.0,100.0,0.0,0.0,50.0,Moderate Risk,0.0,100.0
18170,"Medical Superitendant, J.D.C. Bytco Hospital Blood Centre",Nashik,Nashik,Nashik Road,15,1.0,0.0,0.0,100.0,0.0,0.0,50.0,Moderate Risk,0.0,100.0
27109,District General Hospital Blood Bank Satara,Satara,Satara,Sadar,15,1.0,0.0,0.0,100.0,0.0,0.0,50.0,Moderate Risk,0.0,100.0
27133,Daga Memorial Women Govt. Hospital Blood Centre Nagpr,Nagpur,Nagpur,Gandhibag,15,1.0,0.0,0.0,100.0,0.0,0.0,50.0,Moderate Risk,0.0,100.0
27130,"Medical Supritentent Sub-District (Rural) Hospital Blood Centre, Gadchiroli Aheri",Gadchiroli,Aheri,Gadchiroli,15,1.0,0.0,0.0,100.0,0.0,0.0,50.0,Moderate Risk,0.0,100.0
18117,Leelavati Blood Centre,Buldana,Buldhana,John Lay Out,15,1.0,0.0,0.0,100.0,0.0,0.0,50.0,Moderate Risk,0.0,100.0
18165,"Ansar Blood Centre, Malegaon",Nashik,Malegaon,Islampura,15,1.0,0.0,0.0,100.0,0.0,0.0,50.0,Moderate Risk,0.0,100.0
18160,Jeevan Surabhi Blood Centre,Jalgaon,Chalisgaon,Jalgaon,15,1.0,0.0,0.0,100.0,0.0,0.0,50.0,Moderate Risk,0.0,100.0
18159,Jeevanshri Raktapedi,Jalgaon,Jalgaon,Amalner,15,1.0,0.0,0.0,100.0,0.0,0.0,50.0,Moderate Risk,0.0,100.0
18158,Indian Red Cross Society Sanchalit Askaran Tarachand Jain Blood Centre,Jalgaon,Chopda,Jalgaon,15,1.0,0.0,0.0,100.0,0.0,0.0,50.0,Moderate Risk,0.0,100.0
18172,Sainik Aspatal Military Hospital Blood Centre,Nashik,Deolali,Devlali Nashik,14,1.0,0.0,0.0,100.0,0.0,0.0,50.0,Moderate Risk,0.0,100.0
18278,Dr. Murlidhar Kharche Memorial Jeevan Jyoti Blood Centre,Buldana,Malkapur,Malkapur,15,1.0,0.0,0.0,100.0,0.0,0.0,50.0,Moderate Risk,0.0,100.0
18276,"Medical Superitendant, Government Hospital Blood Centre(Khamgaon)",Buldana,Khamgaon,Shegaon,15,1.0,0.0,0.0,100.0,0.0,0.0,50.0,Moderate Risk,0.0,100.0
18051,V.N. Desai Municipal General Hospital Blood Centre,Mumbai,mumbai,Santacruz East,15,1.0,0.0,0.0,100.0,0.0,0.0,50.0,Moderate Risk,0.0,100.0
281039,General Hospital Malegaon Blood Centre,Nashik,Malegaon,Malegaon,15,1.0,0.0,0.0,100.0,0.0,0.0,50.0,Moderate Risk,0.0,100.0
18077,Padmashree Dr.D.Y Patil (Vishweshwar) Blood Centre,Pune,Pune,Sant,15,1.0,0.0,0.0,100.0,0.0,0.0,50.0,Moderate Risk,0.0,100.0
280133,"S. S.Venutai Y. Chavan Sub-District Hospital, Blood Centre Karad",Satara,Karad,Budhwar Peth,15,1.0,0.0,0.0,100.0,0.0,0.0,50.0,Moderate Risk,0.0,100.0
27150,"Sub -Dist Cottage Hospital, Blood Centre , Sawantwadi, Sindhudurg",Sindhudurg,Sawantwadi,Sindhudurg,15,1.0,0.0,0.0,100.0,0.0,0.0,50.0,Moderate Risk,0.0,100.0
18059,Bharatratna Dr Babasaheb Ambedkar Mun. Gen. Hospital Blood Centre,Mumbai,MUMBAI,First F,15,1.0,0.0,0.0,100.0,0.0,0.0,50.0,Moderate Risk,0.0,100.0
27128,Patangshah Cottage Hospital Blood Centre Jawhar Palghar,Palghar,Jawhar,Palghar,10,1.0,0.0,0.0,100.0,0.0,0.0,50.0,Moderate Risk,0.0,100.0
18038,"K.B.Bhabha Muncipal General Hospital, Blood Centre",Mumbai,Mumbai,Bandra,15,1.0,0.0,0.0,100.0,0.0,0.0,50.0,Moderate Risk,0.0,100.0
284498,Shri Gajanan Blood Centre,Washim,Washim,Washim,15,1.0,0.0,0.0,100.0,0.0,0.0,50.0,Moderate Risk,0.0,100.0
18088,Cristanand Education Society Blood Centre,Chandrapur,Brahmapuri,Brahmapuri,15,1.0,0.0,0.0,100.0,0.0,0.0,50.0,Moderate Risk,0.0,100.0
18087,"Sarvodaya Samaj Vikas Sanstha,  R.G Gholap Memorial Blood Centre",Pune,Pune,Pune S,15,1.0,0.0,0.0,100.0,0.0,0.0,50.0,Moderate Risk,0.0,100.0
280738,Superitendent Gokuldas Tejpal Hospital,Mumbai,Mumbai,L.T.,15,1.0,0.0,0.0,100.0,0.0,0.0,50.0,Moderate Risk,0.0,100.0
18008,"Cama And Albles Hosp., Abdul Fazalbhoy Blood Centre",Mumbai,Mumbai,Mumbai Cst,15,1.0,0.0,0.0,100.0,0.0,0.0,50.0,Moderate Risk,0.0,100.0
18141,Ahmednagar Municipal Council Blood Centre,Ahmadnagar,Ahmednagar,Asha Theatre,15,1.0,0.0,0.0,100.0,0.0,0.0,50.0,Moderate Risk,0.0,100.0
18290,Dean Government Medical College And Super Speciality Hospital Blood Centre,Nagpur,Nagpur,Ajni,15,1.0,0.0,0.0,100.0,0.0,0.0,50.0,Moderate Risk,0.0,100.0
18014,Bombay Hospital Trust Blood Centre,Mumbai,Mumbai,Marine Lines,15,0.9916666666666668,0.0083333333333333,0.0322748612183951,99.16666666666669,1.020408163265306,0.0063596556395729,49.80797400600827,Moderate Risk,0.0096153846153846,99.03846153846156
27107,TATA MEMORIAL CENTRE-ACTREC,Mumbai,Mumbai,Parel,15,0.8583333333333334,0.1416666666666666,1.141206120039324,85.83333333333334,17.346938775510203,0.2248709262640229,49.68651303150416,Moderate Risk,0.0465909090909091,95.3409090909091
18196,Ishwar Seva Trusts Dombivali Blood Center,Thane,Dombivli,Dombivli,15,0.7249999999999999,0.2416666666666667,2.128100173036992,72.49999999999999,29.59183673469388,0.4193351653923535,49.432243732597314,Moderate Risk,0.0478219696969696,95.21780303030305
18140,Shri Sainath Blood Centre,Ahmadnagar,Shirdi,Rahata,15,0.975,0.0166666666666666,0.3318280999876377,97.5,2.0408163265306123,0.0653856397143047,49.380717158227895,Moderate Risk,0.0208333333333333,97.91666666666666
18009,Bombay Red Cross Blood Centre,Mumbai,Mumbai,Fort,15,0.975,0.0166666666666666,0.484122918275927,97.5,2.0408163265306123,0.0953948345935949,49.187898944127205,Moderate Risk,0.0288461538461538,97.1153846153846
18002,The B.D. Petit Parsee General Hospital Bsu,Mumbai,Mumbai,Grant Road,15,0.7833333333333333,0.2166666666666666,0.2850045846583094,78.33333333333333,26.53061224489796,0.0561592194575672,48.65190119942221,Moderate Risk,0.103125,89.6875
283795,Autus Blood Centre,Pune,Pune,Dehu Road,15,0.1416666666666666,0.5166666666666667,3.7845520714034215,14.166666666666666,63.26530612244898,0.745733583834609,44.54442659323756,Moderate Risk,0.0,100.0
27174,MGM College Nerul Blood Centre,Thane,Thane,Belapur,14,0.8125,0.0625,0.412820815799272,81.25,7.653061224489796,0.0813449889548901,44.12110155336117,Moderate Risk,0.125,87.5
18017,Masina Hospital Blood Centre,Mumbai,Mumbai,Byculla,15,0.6666666666666665,0.1833333333333333,3.4548544265700376,66.66666666666666,22.44897959183674,0.680767743327028,43.81679830565241,Moderate Risk,0.1452922077922078,85.4707792207792
285061,Pachpande Multispeciality Hospital Blood Storage Center,Jalgaon,muktainagar,Jalgaon,15,0.6000000000000001,0.3916666666666667,0.9010089166480096,60.00000000000001,47.9591836734694,0.1775408544530063,43.57063946531393,Moderate Risk,0.3385416666666666,66.14583333333334
18099,"Akshay Medical Trust, Akshay Blood Centre",Satara,Satara,Sadar,15,0.6833333333333333,0.25,3.748550533275888,68.33333333333333,30.612244897959183,0.7386395987222709,43.45866268261192,Moderate Risk,0.258495670995671,74.1504329004329
18267,Sau. Kantadevi Dale Blood Centre,Washim,Washim,Washim,15,0.5583333333333333,0.4083333333333334,3.715687513533161,55.833333333333336,50.000000000000014,0.7321640483728518,43.24393844799065,Moderate Risk,0.3358974358974359,66.41025641025641
18173,DevaS Health And Devlopment Foundation Samta Blood Centre,Nashik,Nashik,Govind Nagar,15,0.6583333333333333,0.225,2.622996270405152,65.83333333333333,27.551020408163268,0.5168528196227683,42.438369822098025,Moderate Risk,0.2414772727272727,75.85227272727273
285275,"Pushplata D.Y.Patil Hospital & Research Centre Blood Centre, Maval, Pune",Pune,Pune,Pushplata D.Y.Patil Hospi,15,0.4333333333333333,0.5249999999999999,1.380256965725022,43.333333333333336,64.28571428571428,0.271975112045719,42.313664773682426,Moderate Risk,0.3863636363636363,61.36363636363637
18243,"Indian Red Cross Society Blood Centre, Nanded",Nanded,Nanded,Vazirabad,15,0.6416666666666667,0.2583333333333333,2.2007331866872684,64.16666666666667,31.632653061224485,0.4336472627164742,41.69555235371252,Moderate Risk,0.2945075757575757,70.54924242424244
18132,Jeevandhara Blood Centre,Kolhapur,KOLHAPUR,Rajarampuri,15,0.7166666666666667,0.0666666666666666,11.58793998255145,71.66666666666667,8.16326530612245,2.2833656003163205,41.68217054712251,Moderate Risk,0.1538461538461538,84.61538461538461
18229,Kalpataru Bahuuddeshiya Sansthas Lokmanya Blood Centre Gondia,Gondiya,Gondia,Hanuman Ma,3,0.5,0.2083333333333333,16.817876981432146,50.0,25.51020408163265,3.313907547638037,41.58102790731768,Moderate Risk,0.125,87.5
284509,Sankalp Blood Centre,Satara,Satara,Satara,15,0.55,0.2249999999999999,6.567466121979941,55.00000000000001,27.55102040816326,1.2940976779955675,41.250105279115466,Moderate Risk,0.1884469696969697,81.15530303030303
284360,"Criticare Asia Hospital Blood Centre, Pvt. Ltd., Kurla (W), Mumbai",Mumbai,Mumbai,Kurla,15,0.5916666666666667,0.3,1.1128930360211002,59.16666666666666,36.734693877551024,0.2192919258391481,41.10748683546292,Moderate Risk,0.3169070512820512,68.30929487179486
280142,"Maharashtra Bloodbank, Component And Apheresis Center",Palghar,PALGHAR,Navli Railway Phatak,15,0.5,0.45,3.035060421510247,50.0,55.102040816326536,0.5980487102792328,41.08848392011298,Moderate Risk,0.4134615384615385,58.65384615384615
280766,Smt.Devakabai Kalyanji Cheddha Blood Centre,Palghar,Palgarh,Palghar,15,0.6833333333333332,0.1999999999999999,2.71565391739445,68.33333333333333,24.489795918367346,0.5351107053263696,40.91261193730871,Moderate Risk,0.297077922077922,70.29220779220779
280143,Triumph Foundations Triumph Blood Center,Thane,Thane,Thane West,15,0.5083333333333333,0.3333333333333333,2.8630417967341004,50.83333333333333,40.81632653061225,0.5641530039656857,40.73811230788691,Moderate Risk,0.2926136363636363,70.73863636363636
18269,"Shri. Brahman Swrankar Samaj Trust, Blood Centre",Buldana,Buldana,Khamgaon,15,0.5,0.5,0.0,50.0,61.224489795918366,0.0,40.30612244897959,Moderate Risk,0.5,50.0
18105,Yashwantrao Chavan Blood Centre,Satara,Karad,Karad,15,0.5166666666666666,0.2333333333333333,6.727011972041333,51.66666666666666,28.57142857142857,1.3255356649243877,39.91851553461271,Moderate Risk,0.2188956876456876,78.11043123543124
284921,M/S. AsplS Csmss Medical College And Hospital Blood Centre,Aurangabad,Aurangabad,M/S. Aspls Csmss Medical College And Hospital Blood Centre,15,0.5249999999999999,0.3083333333333333,1.3374009935853204,52.49999999999999,37.75510204081633,0.2635304831730069,39.504658130997335,Moderate Risk,0.325,67.5
18015,"P.D. Hinduja Hospital And Medical Research, Blood Centre",Mumbai,Mumbai,Mahim,15,0.6833333333333333,0.075,2.7407226142965984,68.33333333333333,9.183673469387758,0.5400504099017569,39.09759763648904,Moderate Risk,0.2166666666666666,78.33333333333333
284762,"Maya Blood Centre, Badlapur (W), Tal. Ambernath, Dist.Thane",Thane,Badlapur (W),Badlapur,15,0.625,0.25,0.0,62.5,30.612244897959183,0.0,38.9030612244898,Moderate Risk,0.375,62.5
18007,Saifee Hospital Trust Blood Centre,Mumbai,Mumbai,Charni Road,15,0.4416666666666666,0.5166666666666667,1.0939215901760502,44.16666666666666,63.26530612244898,0.2155536646040987,38.34259499726832,Moderate Risk,0.5427714646464646,45.722853535353536
18006,St. GeorgeS Hospital And Regional  Blood Centre,Mumbai,Mumbai,Fort,15,0.4083333333333333,0.3416666666666667,4.4998261722020265,40.833333333333336,41.83673469387755,0.8866760014705273,38.31974156272591,Moderate Risk,0.3027777777777778,69.72222222222221
18085,"Indian Red Cross Society, (Late Manikbai Chandulal Saraf ) Blood Centre, Pune",Pune,Baramati,Baramati,15,0.6583333333333333,0.1333333333333333,1.991460683123443,65.83333333333333,16.3265306122449,0.3924108016673809,37.98655353529625,Moderate Risk,0.306060606060606,69.39393939393939
18250,"Kanthak Sevabhavi Sanstha, New Life Blood  Centre, Parbhani",Parbhani,Parbhani,Station Road,15,0.375,0.625,0.0,37.5,76.53061224489797,0.0,37.88265306122449,Moderate Risk,0.625,37.5
18286,Jeevan Jyoti Blood Centre And Component,Nagpur,Nagpur,Laxmi Nagar,15,0.2916666666666666,0.6,3.781309499777505,29.166666666666664,73.46938775510205,0.745094645721508,37.85917615576144,Moderate Risk,0.5194444444444445,48.05555555555555
284843,"Government Medical College And General Hospital Blood Centre, Baramati, District  Pune",Pune,Baramati,Midc Area,15,0.4083333333333334,0.4,2.6335745848136667,40.833333333333336,48.9795918367347,0.5189372418122259,37.42671560297006,Moderate Risk,0.40625,59.375
27152,Bai Gangabai Ladies Hospital Blood Centre Gondiya,Gondiya,Gondia,Civil Lines,15,0.5083333333333333,0.3916666666666667,0.992424897097473,50.83333333333333,47.9591836734694,0.195554073833828,37.24701777015914,Moderate Risk,0.5,50.0
18083,Smt Kashibai Navale General Hospital Blood Centre,Pune,Pune,Ambegaon,15,0.3833333333333333,0.6,0.607805920121404,38.333333333333336,73.46938775510205,0.1197661648026801,37.115237197924905,Moderate Risk,0.6346153846153846,36.53846153846154
280149,Advanced Centre For Treatment Reasearch And Education In Cancer,Raigarh,Panvel,Kharghar,15,0.5333333333333333,0.2666666666666666,8.634758315951272,53.333333333333336,32.6530612244898,1.701450830378503,36.7061875375266,Moderate Risk,0.4086309523809523,59.13690476190476
27123,Civil Hospital Washim,Washim,Washim,Near Akola Naka,15,0.525,0.2166666666666666,3.5624218852254077,52.5,26.53061224489796,0.7019635585605343,36.35942600214668,Moderate Risk,0.3429487179487179,65.7051282051282
18155,Dhanwantri Blood Centre,Jalgaon,Bhusawal,Jalgaon,15,0.3833333333333333,0.4916666666666667,1.2023528849016298,38.333333333333336,60.204081632653065,0.2369196959044813,35.631083665472715,Moderate Risk,0.5625,43.75
280128,M/S Navi Mumbai Blood Centre,Raigarh,Kharghar,Kharghar,15,0.2583333333333333,0.5916666666666666,1.5999116460394258,25.83333333333333,72.44897959183673,0.3152573470015093,35.06605923470956,Moderate Risk,0.5833333333333333,41.66666666666667
18236,"Indian Red Cross Society, Dr. Bhalchandra Blood Centre",Latur,Latur,Ircs,15,0.3166666666666666,0.4999999999999999,3.344383127116446,31.666666666666664,61.22448979591836,0.6589997357800099,35.01584130289351,Moderate Risk,0.5348679098679099,46.51320901320901
18284,"Nkp Salve Inst.Of Med.Sci. And Res.Center.Lata Mangeshkar Hosp, Blood Centre",Nagpur,Nagpur,Hingna,15,0.3833333333333333,0.5166666666666667,3.702252759262701,38.33333333333333,63.26530612244898,0.7295167740690444,34.95703905746284,Moderate Risk,0.625,37.5
280140,"M.M.Patel Public Charitable Trust,  Ashwini Rural Medical College And Hospital Blood Centre",Solapur,Solapur,South Solapur,15,0.3416666666666667,0.5083333333333333,1.840841839478532,34.166666666666664,62.24489795918368,0.3627318520994622,34.67968523059856,Moderate Risk,0.5805555555555556,41.94444444444444
284961,"Wagholi Blood Centre, Wagholi,Pune",Pune,Pune,Wagholi,15,0.4083333333333333,0.2166666666666666,5.303798307822242,40.833333333333336,26.53061224489796,1.045096076207905,34.28611822246761,Moderate Risk,0.3126456876456876,68.73543123543125
18277,"Civil Surgeon, District General Hospital Blood Centre",Buldana,Buldana,Prabadhan School,15,0.2083333333333333,0.6916666666666667,1.714718726884327,20.83333333333333,84.6938775510204,0.3378797060634917,33.91418931427097,Moderate Risk,0.7020833333333334,29.79166666666666
284014,"Shri Kamala Bhavani Blood Centre, Karmala",Solapur,Karmala,Swatantra Saini,15,0.0999999999999999,0.2333333333333333,10.077835190689928,10.0,28.57142857142857,1.9858043996368688,33.57680824276636,Moderate Risk,0.0625,93.75
18152,Jawahar Medical Foundation Blood Centre,Dhule,Dhule,Morane,15,0.2249999999999999,0.5583333333333333,2.6921613552033024,22.5,68.36734693877551,0.5304815729308507,32.894099985069445,Moderate Risk,0.5982142857142857,40.17857142857143
18024,Smt. Kapoorben Vasanji Lathiya Blood Centre,Mumbai,Mumbai,Vile Parle,15,0.625,0.05,0.5867250962167891,62.5,6.122448979591837,0.1156122575333463,32.809515309281295,Moderate Risk,0.375,62.5
27146,"Govt. Medical College Blood Centre, Nagpur",Nagpur,Nagpur,Hospital Building,15,0.4083333333333334,0.2416666666666666,12.039167396143958,40.83333333333334,29.59183673469388,2.3722784835093846,32.54231085583287,Moderate Risk,0.4262820512820512,57.37179487179487
18230,Jeevandhara Buldana Urban Blood Centre Run And Managed By Shree Charitable Trust,Buldana,Buldana,Dsd City Mall,15,0.35,0.4833333333333334,1.7652979369329715,35.0,59.18367346938776,0.3478461736573997,32.48704657742796,Moderate Risk,0.6458333333333334,35.416666666666664
18091,Smt. Anila Kantilal Kothari Blood Centre And Dept. Of Hemato Oncology,Sangli,Sangli,Shri Siddhivinayak Ganapati Cance,15,0.4166666666666667,0.3083333333333333,3.214300452849302,41.66666666666667,37.755102040816325,0.6333673710917221,32.4380264438861,Moderate Risk,0.503030303030303,49.696969696969695
18228,"Civil Surgeon, General Hospital, Blood Centre",Jalna,Jalna,Samarth Nagar,15,0.3166666666666666,0.4666666666666666,3.341499654439801,31.666666666666664,57.14285714285714,0.6584315569381091,32.17601661939325,Moderate Risk,0.6076388888888888,39.23611111111112
18195,Kalyan Dombivali Muncipal Corporation Sponsered Nandakishore Educaation Society Arpan Blood Bank,Thane,Thane,Kalyan (West),15,0.3833333333333333,0.35,3.4502739915407736,38.33333333333333,42.85714285714285,0.6798651836144257,32.02407572813804,Moderate Risk,0.5377403846153845,46.22596153846155
27164,HINDU HRUDAYSAMRAT BALASAHEB  THACKERAY  HOSPITAL BLOOD CENTRE,Nashik,Nashik,Deolali,14,0.2946428571428571,0.5,0.9171640547700952,29.464285714285715,61.224489795918366,0.1807241714801806,31.701749920421065,Moderate Risk,0.640625,35.9375
18001,"Jaslok Hospital And Research Centre, Blood Centre",Mumbai,Mumbai,Dr.G.Deshmukh,14,0.5357142857142857,0.2053571428571428,3.1221071499707937,53.57142857142857,25.145772594752184,0.6152009828735137,31.608668719081752,Moderate Risk,0.5289772727272727,47.102272727272734
18204,Bhiwandi Blood Centre,Thane,Bhiwandi,Hera Complex Teen Batti,15,0.275,0.3833333333333333,3.075952610259012,27.500000000000004,46.93877551020408,0.6061063820700054,31.261220473068523,Moderate Risk,0.5,50.0
18056,Manas Serological Institute Blood Centre,Mumbai,Mumbai,Cts No,15,0.4416666666666667,0.2583333333333333,2.959139983750021,44.16666666666667,31.632653061224485,0.5830888368070122,31.114832910405312,Moderate Risk,0.5192307692307692,48.07692307692308
284359,"Maha Victory Charitable Trust, Lifeline Blood Centre, Bapgaon, Tal. Bhiwandi, Dist. Thane",Thane,Bhiwandi,Kalyan,15,0.4166666666666666,0.2333333333333333,4.47684508642458,41.66666666666666,28.57142857142857,0.8821476538262392,31.08134277426242,Moderate Risk,0.4679487179487179,53.20512820512821
285062,Gadchiroli Blood Centre,Gadchiroli,Navegaon,Navegaon,15,0.475,0.2083333333333333,7.087523750500039,47.5,25.51020408163265,1.3965733294860765,30.841277686113017,Moderate Risk,0.5104166666666666,48.958333333333336
27131,Dr.Shankarrao Chavan Government Medical College And Hospital Blood Centre Nanded,Nanded,Nanded,Vishnupuri,15,0.4333333333333333,0.1833333333333333,11.474524953903744,43.33333333333333,22.44897959183674,2.261017540578093,30.81291594977037,Moderate Risk,0.4479166666666667,55.20833333333333
18251,"Blood Center Government Medical College And Hospital, Osmanabad",Osmanabad,Osmanabad,Marwadi Galli Osmanabad,15,0.35,0.3416666666666667,3.35222564903743,35.0,41.83673469387755,0.660545079024889,30.733446927352595,Moderate Risk,0.5456349206349207,45.43650793650793
18071,Kem Hospital Blood Centre,Pune,Pune,Rastha Peth,15,0.4083333333333333,0.2666666666666666,6.194271566229556,40.833333333333336,32.6530612244898,1.22056091372954,30.70798886788817,Moderate Risk,0.51875,48.12499999999999
18057,Suburban Hi-Tech Blood Centre,Mumbai,Mumbai,Malad,15,0.2916666666666667,0.3916666666666666,7.16206695005279,29.166666666666668,47.95918367346939,1.411261822682672,30.467611374038015,Moderate Risk,0.5666666666666665,43.33333333333334
18047,Fortis  Hospital Blood Centre,Mumbai,Mumbai,Goregaon,15,0.4916666666666667,0.1083333333333333,4.753680037101137,49.16666666666667,13.26530612244898,0.9366970736792868,30.465564901596167,Moderate Risk,0.4150641025641025,58.49358974358975
18201,"Dr. D.Y. Patil Hospital And Research Centre, Blood Centre",Thane,Thane,Nerul,15,0.2416666666666666,0.4416666666666666,7.071372056151927,24.166666666666664,54.08163265306123,1.3933906910432785,30.44613678840708,Moderate Risk,0.5785714285714285,42.142857142857146
283339,Ahmednagar Blood Centre,Ahmadnagar,Ahmednagar,Ahmednagar,15,0.375,0.375,0.0,37.5,45.91836734693878,0.0,30.22959183673469,Moderate Risk,0.625,37.5
18067,Indian Serological Institute Blood Centre,Pune,Pune,Navi Peth,15,0.375,0.375,0.0,37.5,45.91836734693878,0.0,30.22959183673469,Moderate Risk,0.625,37.5
27113,"Blood Bank Civil Hospital, Chandrapura",Chandrapur,Chandrapur,Near Chota Bazar,15,0.375,0.375,0.0,37.5,45.91836734693878,0.0,30.22959183673469,Moderate Risk,0.625,37.5
18215,"Shree Sai Medical TrustS,  Shree Sai Blood Centre, Old Panvel",Raigarh,Panvel,Panvel,15,0.1916666666666666,0.525,4.747708194059608,19.166666666666664,64.28571428571429,0.9355203415774592,29.63864199015627,Moderate Risk,0.6583333333333334,34.16666666666666
18150,Shri Bhausaheb Hire Govt. Medical College And Hospital Blood Centre Dhule,Dhule,Dhule,Surat By,15,0.2,0.4416666666666666,2.3902509102450344,20.0,54.08163265306123,0.4709911091010479,29.57565594054057,Moderate Risk,0.5625,43.75
18183,"Mahatma Gandhi Blood Centre,  Operated By Task",Thane,Thane,Naupada,15,0.275,0.4083333333333333,12.169654840462842,27.500000000000004,50.0,2.397990606809952,29.43472492442976,Moderate Risk,0.6215909090909091,37.84090909090909
284765,"Shree Sainath Blood Centre, Sinnar, Tal. Sinnar, Dist. Nashik",Nashik,Sinnar,Udyog B,15,0.1916666666666666,0.5750000000000001,4.5444349442724645,19.166666666666668,70.40816326530613,0.8954660138257313,29.388407319782964,Moderate Risk,0.7291666666666666,27.083333333333336
284763,"Balaji Blood Centre, Lonand, Khandala Taluk, Dist. Satara",Satara,Lonand,Sata,15,0.275,0.3083333333333333,9.576963860360229,27.500000000000004,37.755102040816325,1.887109345331997,29.21610840209264,Moderate Risk,0.5027777777777778,49.72222222222222
18113,M/S Jeevan Jyot Charitable TrustS Solapur Blood Centre,Solapur,Solapur,Siddheshwar Peth,15,0.5,0.125,7.12426205701242,50.0,15.306122448979592,1.4038124923942858,29.17748373534347,Moderate Risk,0.5,50.0
18190,Kai Wamanrao Oka Rakta Kendra,Thane,Thane,Naupada,15,0.2249999999999999,0.3833333333333333,5.5651245293545655,22.5,46.93877551020408,1.096589551804606,29.092174598835506,Moderate Risk,0.5416666666666666,45.833333333333336
280765,Sspm Medical College  Lifetime Hospital Blood Centre,Sindhudurg,Kudal,Sindhudurg,15,0.35,0.2666666666666666,3.810648612861137,35.0,32.6530612244898,0.7508758218114624,28.975984261575316,Moderate Risk,0.525,47.5
18019,Prince Aly Khan Hospital Blood Centre,Mumbai,Mumbai,Mazgaon,15,0.5,0.125,0.0,50.0,15.306122448979592,0.0,28.8265306122449,Moderate Risk,0.5,50.0
284499,"M/S.Uaims Advanced Blood Centre, Ushahkal Abhinav Institute Of Medical Sciences(Uaims), Sangli. (A U",Sangli,Sangli,Sangli,15,0.55,0.0333333333333333,4.303875666595246,55.00000000000001,4.081632653061225,0.8480645964631812,28.80453969699649,Moderate Risk,0.4471153846153846,55.28846153846154
285265,Shrinivasa Blood Centre,Nanded,Deglur,Deglur,15,0.2583333333333333,0.35,3.175583678372413,25.833333333333336,42.85714285714285,0.6257383575544715,28.787386970341,Moderate Risk,0.5416666666666666,45.833333333333336
27119,"Blood Bank Civil Hospital, Solapur",Solapur,Solapur,Rasta Peth,15,0.1333333333333333,0.5916666666666668,1.9844926627795048,13.333333333333334,72.44897959183675,0.3910377760925497,28.73083767531565,Moderate Risk,0.7125,28.75
18166,Ashirwad Medical Foundations Gsk Blood Centre And Components,Nagpur,Nagpur,Besides Gurudwara,15,0.2416666666666667,0.3666666666666666,6.293646074960443,24.16666666666667,44.89795918367347,1.2401423350284169,28.68730315745325,Moderate Risk,0.5555555555555557,44.44444444444443
27115,"Blood Bank Civil Hospital, Beed",Beed,Beed,Barshi,15,0.1166666666666666,0.7416666666666667,2.214762783123614,11.666666666666666,90.81632653061224,0.4364117487197939,28.570760327408767,Moderate Risk,0.8863636363636364,11.363636363636363
18068,"Sadhu Vaswani Mission Medical Complex, Inlaks And Budharani Hospital Blood Centre, Pune",Pune,Pune,Koregaon Park,15,0.25,0.3083333333333333,4.479396138107189,25.0,37.75510204081633,0.8826503302005965,28.409438092754232,Moderate Risk,0.5,50.0
18207,Sarla Blood Centre,Palghar,Vasai,Palghar,15,0.4333333333333333,0.1583333333333333,3.5098393528669924,43.333333333333336,19.387755102040817,0.6916023428702983,28.353172694561117,Moderate Risk,0.5,50.0
27163,"Matoshree Blood Centre, Blood Component and Apheresis Centre",Parbhani,Parbhani,Jintur,15,0.2,0.4999999999999999,4.441093941234408,20.0,61.22448979591836,0.8751030078216799,28.33739820093501,Moderate Risk,0.6875,31.25
18164,"Civil Surgeon, District General Hospital Blood Centre,  Nandurbar",Nandurbar,Nandurbar,Nandurbar,15,0.2583333333333333,0.3999999999999999,3.032050902710134,25.83333333333333,48.97959183673469,0.597455694461751,28.3019999780372,Moderate Risk,0.6220238095238095,37.79761904761904
283289,Mahatma Basaveshwar Blood Centre,Solapur,Solapur,Solapur,15,0.1583333333333333,0.4916666666666667,21.06343458849016,15.833333333333332,60.204081632653065,4.150480761575506,28.276140598557145,Moderate Risk,0.6708333333333333,32.91666666666667
18120,"Late Balasaheb Datye, Lions Blood Centre, Ichalkaranji",Kolhapur,Ichalkaranji,Hatkananga,15,0.4333333333333333,0.1666666666666666,3.563204882231657,43.333333333333336,20.40816326530613,0.7021178455547639,28.164475039619987,Moderate Risk,0.5178571428571428,48.21428571428572
284514,M/S . Ideal Foundations Ideal Blood Centre,Palghar,Wada,Palghar,15,0.2083333333333333,0.5166666666666666,2.241906995601617,20.833333333333336,63.26530612244897,0.4417604268380164,28.054742827797934,Moderate Risk,0.7232142857142857,27.67857142857143
27179,Shree Mangalmurti Blood Centre Component and Apheresis Centre,Hingoli,Hingoli,Hingoli,14,0.3660714285714286,0.25,5.288180948892648,36.60714285714286,30.612244897959183,1.042018726808329,27.96812939825537,Moderate Risk,0.5638888888888889,43.61111111111112
18023,Shushrusha Citizens Co-Op Hospital Blood Centre,Mumbai,Mumbai,Dadar West,15,0.2916666666666666,0.2333333333333333,59.37388598213764,29.166666666666664,28.57142857142857,11.699429666778958,27.796079944167268,Moderate Risk,0.5825320512820513,41.74679487179487
285065,"Majalgaon Blood Centre, Blood Component And Apheresis Centre, Majalgaon",Beed,Beed,Naik Complex,15,0.2666666666666666,0.3916666666666667,2.153382297659759,26.666666666666668,47.9591836734694,0.4243169252006939,27.746916816334192,Moderate Risk,0.640625,35.9375
18185,Navjeevan Blood Centre Mangaed By Spvf,Thane,Thane,Naupada,15,0.3083333333333333,0.2916666666666667,5.373433593470596,30.833333333333336,35.714285714285715,1.0588174810526894,27.555018223077028,Moderate Risk,0.5738636363636364,42.61363636363637
284350,Manipal Hospitals Pvt Ltd Blood Centre,Pune,Pune,Baner,15,0.0916666666666666,0.6166666666666666,2.447140103582262,9.166666666666666,75.51020408163265,0.4822009382243921,27.53976792163093,Moderate Risk,0.75,25.0
285312,"Navjeevan Blood Centre, Kankawali, Sindhudurga",Sindhudurg,Kankavli,Sindhudurg,15,0.3833333333333333,0.2,5.4226183002564,38.33333333333333,24.48979591836735,1.0685091663483894,27.52939998912765,Moderate Risk,0.5377403846153845,46.22596153846155
18205,Mira Bhayandar Muncipal Corporation Rajeev Gandhi Blood Centre,Thane,Mira Road,Mira Road,15,0.25,0.425,7.63644714535425,25.0,52.04081632653062,1.5047368856406866,27.448888303042825,Moderate Risk,0.6875,31.25
18109,"Indian Red Cross Society Blood Centre, Bai Gopabai Damani Blood Centre, Solapur",Solapur,Solapur,Red Cross R,15,0.2416666666666666,0.325,9.02425332761496,24.166666666666668,39.795918367346935,1.7781995460662632,27.372696145019965,Moderate Risk,0.5625,43.75
284140,Arpan Blood Centre Nanded,Nanded,Nanded,Nanded,15,0.5166666666666666,0.0499999999999999,7.106727672255745,51.66666666666666,6.122448979591836,1.4003573993375054,27.297368261399,Moderate Risk,0.5,50.0
280536,Apollo Hospital Charitable Trusts' Apollo Hospital Blood Centre,Raigarh,Navi Mumbai,Belapur,15,0.1583333333333333,0.475,4.986638470859569,15.833333333333332,58.16326530612245,0.9826007696553208,27.286466518944444,Moderate Risk,0.6583333333333333,34.166666666666664
18022,Sir H N Hospital And Research Centre Blood Centre,Mumbai,Mumbai,Girgoan,15,0.45,0.1166666666666666,3.4213520784981224,45.00000000000001,14.285714285714285,0.6741662154253975,26.98916884323364,Moderate Risk,0.5200320512820513,47.99679487179487
18050,Sevenhills Healthcare Private Limited Hospital Blood Centre,Mumbai,Mumbai,Mumabi,15,0.425,0.1333333333333333,5.21975714684324,42.50000000000001,16.3265306122449,1.0285360408367306,26.804044441048188,Moderate Risk,0.5263888888888889,47.36111111111111
284861,"Indian Red Cross Society Bel Air Blood Centre, Wai, Dist. Satara",Satara,Wai,Wai,15,0.1083333333333333,0.525,2.820660120428639,10.833333333333334,64.28571428571429,0.555801833532861,26.73121236314512,Moderate Risk,0.6875,31.25
18116,Rajashri Chatrapati Shahu Maharaj Govt. Medical College And Chatrapati Pramilaraje  General  Hospita,Kolhapur,Karveer,Somwar Peth,15,0.4,0.1583333333333333,11.77519845188997,40.0,19.387755102040817,2.3202642680604835,26.688052822323307,Moderate Risk,0.5495580808080808,45.04419191919192
18226,Lions Blood Centre,Aurangabad,Aurangabad,Guru Teg Bahadur,15,0.4666666666666667,0.1,7.556465076782146,46.66666666666666,12.244897959183676,1.4889766811267977,26.61856481392377,Moderate Risk,0.5392628205128205,46.07371794871795
18240,"Ankur Hospital Blood Centre, Chandrapur",Chandrapur,Chandrapur,Balaji Nagar,15,0.2,0.3916666666666666,1.832142467105489,20.0,47.95918367346938,0.3610176692808717,26.455050335687563,Moderate Risk,0.625,37.5
18167,Seva Blood Centre,Nashik,MALEGAON,Soygaon,15,0.375,0.1333333333333333,3.867219057156469,37.5,16.3265306122449,0.7620228424806298,26.147138363681385,Moderate Risk,0.5,50.0
18005,Breach Candy Hospital Trust Blood Centre,Mumbai,Mumbai,Breach Candy,15,0.1833333333333333,0.35,3.830714900916407,18.33333333333333,42.85714285714285,0.7548298181162788,26.03320150214812,Moderate Risk,0.578125,42.1875
283250,Ms.Sanjeevani Blood Centre,Latur,Latur,Latur,2,0.375,0.125,4.949747468305833,37.5,15.306122448979592,0.9753315184925412,25.945363491868036,Moderate Risk,0.5,50.0
27129,"Dean, Govt. Medical College Hospital Blood Centre Akola",Akola,Akola,Dist.Gen Hospital Comp. Z.P.Road,15,0.1333333333333333,0.5916666666666668,2.8637631119384714,13.333333333333334,72.44897959183675,0.5642951367629842,25.92692979326104,Moderate Risk,0.8263888888888888,17.361111111111114
283840,"Radhai Blood Centre, Components Laboratory And Apheresis Centre, Udgir, Dist. Latur",Latur,UDGIR,Milkat No,15,0.0166666666666666,0.0166666666666666,507.49384947141806,1.6666666666666667,2.0408163265306123,100.0,25.92687074829932,Moderate Risk,1.0,0.0
18225,Adarsh Blood Centre,Aurangabad,Aurangabad,Aurangabad,15,0.5,0.0,18.529342028071696,50.0,0.0,3.6511461266714846,25.91278653166787,Moderate Risk,0.5,50.0
18193,Chidanand Charitable Trust Blood Centre,Thane,Dombivli,Dombivili West,15,0.4666666666666667,0.075,8.329159036672081,46.66666666666666,9.183673469387756,1.641233493833934,25.911354945933628,Moderate Risk,0.5384615384615384,46.15384615384615
18058,Sion Blood Centre,Mumbai,Mumbai,Sion,15,0.5,0.0083333333333333,10.2726159229368,50.0,1.020408163265306,2.024185304636948,25.761148366975565,Moderate Risk,0.5,50.0
18055,"Meenatai Thackeray Blood Centre, Goregaon, Mumbai, Managed By Prabodhan Goregaon",Mumbai,Mumbai,Goregaon West,15,0.4583333333333333,0.0416666666666666,15.683474675552953,45.83333333333333,5.1020408163265305,3.0903772906584246,25.69393786007957,Moderate Risk,0.5125,48.75000000000001
18149,Laksh Foundation New Arpan Voluntary Blood Centre Ahmednagar,Ahmadnagar,Ahmednagar,Bus Stand,15,0.5,0.0,11.887464189181332,50.0,0.0,2.342385863703129,25.585596465925786,Moderate Risk,0.5,50.0
18108,"Ima, Sahakar Maharshi Shankarrao Mohite Patil Blood Centre",Solapur,Solapur,Ganeshnagar Akluj,15,0.1916666666666666,0.4333333333333333,4.493269676006079,19.166666666666664,53.06122448979592,0.8853840653805085,25.56998547212744,Moderate Risk,0.7083333333333334,29.166666666666664
18144,Ashtavinayak Blood Bank,Ahmadnagar,Ahmednagar,Akashwani Kendra,15,0.5,0.0,11.497925376908356,50.0,0.0,2.265628517248842,25.56640712931221,Moderate Risk,0.5,50.0
18209,Vijayee Blood Centre Vasai (W),Palghar,Vasai,Palghar,15,0.2916666666666666,0.2916666666666667,8.069631758576229,29.166666666666664,35.714285714285715,1.5900944941463195,25.49196043672339,Moderate Risk,0.6450320512820513,35.49679487179487
18018,N.M Wadia Hospital Blood Centre Parel Mumbai,Mumbai,Mumbai,Opp. Kem Hospital,15,0.5,0.0083333333333333,3.8742434173778486,50.0,1.020408163265306,0.7634069696436873,25.44595378322725,Moderate Risk,0.5,50.0
18090,"Islampur Medical Foundations, Rajaram Bapu Blood Centre , Islampur",Sangli,Islampur,Scan Peth,15,0.2916666666666667,0.2333333333333333,3.1643154792963277,29.166666666666668,28.57142857142857,0.6235179958519952,25.441097752931256,Moderate Risk,0.5659722222222222,43.40277777777778
282570,Sankalp Blood Centre,Thane,Thane,Thane,15,0.475,0.025,5.954023450678206,47.5,3.0612244897959187,1.1732208098442256,25.43361132491004,Moderate Risk,0.5,50.0
27117,"Blood Bank Civil Hospital, Bhandara",Bhandara,Bhandara,General Hospital Blood Bank,15,0.2083333333333333,0.3083333333333333,7.820003018139443,20.83333333333333,37.755102040816325,1.5409059688672864,25.401653517572417,Moderate Risk,0.5852272727272727,41.47727272727273
18187,Chhatrapati Shivaji Maharaj Hospital Blood Centre Csm,Thane,Thane,Belapur,15,0.3416666666666667,0.1833333333333333,2.464456293691104,34.166666666666664,22.448979591836736,0.4856130367408327,25.343023157144398,Moderate Risk,0.5572916666666666,44.270833333333336
27166,M/s. Jupiter Hospital Blood Centre Kalyan Thane,Thane,Thane,Kalyan,15,0.2916666666666666,0.2916666666666667,1.2032252684829166,29.166666666666664,35.714285714285715,0.2370915962304055,25.307288772073477,Moderate Risk,0.6388888888888888,36.11111111111112
18288,Lifeline Blood Centre Nagpur,Nagpur,Nagpur,Central Bazar Road,15,0.0,0.8166666666666667,1.874211063182346,0.0,100.0,0.3693071482806022,25.09232678707015,Moderate Risk,1.0,0.0
18258,"Dr Mankar Memorial Trust, Late. Dr. B.P. Thakre Memorial Component Blood Centre",Akola,Akola,Akola,15,0.2416666666666667,0.275,10.919998069528702,24.16666666666667,33.673469387755105,2.151749835175828,25.07237623430416,Moderate Risk,0.5970238095238096,40.29761904761904
18287,Ayush Blood Centre And Component Lab Ramdaspeth Nagpur,Nagpur,Nagpur,Dhantoli,15,0.2333333333333333,0.2416666666666667,7.687392719514009,23.33333333333333,29.59183673469388,1.514775544082128,24.981514180805117,Low Risk,0.5451388888888888,45.48611111111112
18199,"Navi Mumbai Muncipal Corporation, Blood Centre",Thane,Thane,Vashi,15,0.2583333333333333,0.3,6.314129325614594,25.83333333333333,36.734693877551024,1.244178492446972,24.98082920361061,Low Risk,0.6388888888888888,36.11111111111112
18048,Kokilaben Dhirubhai Ambani Blood Centre,Mumbai,Mumbai,Andheri,15,0.25,0.3583333333333333,6.672557044625823,25.0,43.87755102040816,1.3148054999239198,24.876958177702072,Low Risk,0.706845238095238,29.3154761904762
284919,Mumbadevi Blood And Thalassemia Day Care Centre,Thane,Navi Mumbai,Vashi,2,0.1875,0.4375,10.960155108391486,18.75,53.57142857142857,2.1596626480906265,24.8702728048798,Low Risk,0.75,25.0
18253,"Shri Balaji Blood Centre , Blood Component Lab And Blood Transfusion Center",Amravati,Amravati,Ambapeth,15,0.3833333333333333,0.1083333333333333,5.322375573765495,38.33333333333333,13.26530612244898,1.048756665585018,24.85692478791759,Low Risk,0.5321969696969697,46.78030303030303
27177,Warud Blood Centre Tal Warud Dis Amravati,Amravati,Warud,Warud,14,0.2678571428571428,0.2678571428571428,7.152708487570764,26.785714285714285,32.798833819241985,1.40941776831792,24.623491468318548,Low Risk,0.625,37.5
18040,Sant Nirankari Blood Centre,Mumbai Suburban,Vile Parle,Western Express Hig,15,0.2583333333333333,0.2916666666666667,16.24531258845037,25.833333333333336,35.714285714285715,3.201085610273057,24.546551164473023,Low Risk,0.665625,33.4375
280130,"Indian Red Cross Society, Dr. Shirgaonkar Blood Centre",Sangli,Sangli,Red Cross Chowk,15,0.1416666666666666,0.475,3.0091975336973467,14.166666666666666,58.16326530612245,0.5929525129874158,24.48072112144413,Low Risk,0.75,25.0
18027,M/S Beed Blood Centre,Beed,Beed,Beed,15,0.0833333333333333,0.5333333333333333,3.836011643058804,8.333333333333332,65.3061224489796,0.7558735237982125,24.458207326527784,Low Risk,0.765625,23.4375
18037,Deepak Foundations Anviksha Blood Centre,Mumbai,Mumbai,Ghatkopar,15,0.4333333333333333,0.0916666666666666,7.830129254210577,43.333333333333336,11.224489795918368,1.542901310501807,24.39085710061437,Low Risk,0.5853729603729604,41.46270396270396
18232,Vaidyanath Blood Centre,Beed,Parli-Vajinath,Parli,15,0.4333333333333333,0.0583333333333333,5.835173314588938,43.333333333333336,7.142857142857142,1.149801779995281,24.36483139737977,Low Risk,0.5416666666666666,45.833333333333336
283198,Riddhi Vinayak Hospital Services Public Charitable Trust Blood Centre,Palghar,Palghar,Palghar,15,0.2666666666666666,0.3666666666666667,2.615137849253016,26.666666666666668,44.89795918367348,0.5153043434864918,24.26998254845666,Low Risk,0.75,25.0
27178,Shri Balaji Blood Centre component Lab Apheresis & Research centre,Amravati,Achalpur,Achalpur,14,0.25,0.375,0.6648229396375903,25.0,45.91836734693878,0.1310011816557065,24.01234213214862,Low Risk,0.75,25.0
18179,"Nashik Blood Bank And Transfusion Research Institute Blood Bank(Jijau Mahila Sewabhavi Sanstha, Nash",Nashik,Nashik,Tidke Colony,15,0.1333333333333333,0.4416666666666666,4.439855834563336,13.333333333333334,54.08163265306123,0.8748590429593744,23.91769435257658,Low Risk,0.7261904761904762,27.380952380952383
282733,Rotary Blood Centre,Pune,Pune,Daund,15,0.1583333333333333,0.4333333333333333,8.261258162340038,15.833333333333332,53.06122448979591,1.627853849055428,23.88060291804617,Low Risk,0.75,25.0
18265,"Nandkishor Education Society Trust, Arpan Voluntary Blood Centre",Nagpur,Nagpur,Gandhi Nagar,15,0.0833333333333333,0.5666666666666667,2.80852015525096,8.333333333333334,69.38775510204081,0.5534096931768105,23.809695960709167,Low Risk,0.8303571428571429,16.964285714285708
284946,Keshari Blood Centre,Thane,Thane,Near,15,0.2,0.3416666666666666,5.4615187852681935,20.0,41.836734693877546,1.0761743794445304,23.801143934997185,Low Risk,0.6770833333333334,32.291666666666664
285244,Raigad Blood Centre Pen Tal Pen Dis Raigarh,Raigarh,Pen,Old Rto Of,15,0.3333333333333333,0.1833333333333333,7.867819608841251,33.333333333333336,22.448979591836736,1.5503280713719003,23.708160249135496,Low Risk,0.625,37.5
283307,Sant Jagnnath Maharaj Anjalekar Bahuuudeshiya Sansthas Sanjivani Blood Centre,Jalgaon,Faizpur,Jalgaon,15,0.15,0.4416666666666666,3.048537259579899,15.0,54.08163265306123,0.600704277057764,23.670584232529748,Low Risk,0.75,25.0
18016,K.E.M. Hospital Blood Centre,Mumbai,Mumbai,Parel,15,0.35,0.1916666666666666,7.161480808695864,35.0,23.46938775510204,1.411146325449053,23.58027338027763,Low Risk,0.6555944055944056,34.44055944055944
280132,Prakash Blood Centre And Blood Component Seperation Unit,Sangli,Uran Islampur,Islampur,15,0.2416666666666666,0.2583333333333333,5.152829227631137,24.166666666666668,31.63265306122449,1.0153481136762708,23.578666960391857,Low Risk,0.625,37.5
18146,Sanjeevani Blood Centre,Ahmadnagar,Kopargaon,Vivekanand Nagar,15,0.175,0.4333333333333333,3.45248144438015,17.5,53.06122448979591,0.6803001549626845,23.43538116118965,Low Risk,0.775,22.5
27120,Sasoon Blood Centre Pune,Pune,Pune,Opp.Ambedkar Chawk,15,0.175,0.3249999999999999,10.482917817425404,17.5,39.795918367346935,2.0656246037944936,23.43413574278536,Low Risk,0.65625,34.375
18293,Jawaharlal Nehru Medical College Blood Centre,Wardha,wardha,Sawangi Meghe,15,0.15,0.4166666666666667,2.83874673603772,15.000000000000002,51.02040816326531,0.5593657418694682,23.41577680961703,Low Risk,0.7291666666666666,27.083333333333336
18042,"Matoshri Valbai Mulji Shah, Arpan Blood Centre",Mumbai,Mumbai,Janta Markat,14,0.1160714285714285,0.5089285714285714,3.6054361385919607,11.607142857142856,62.31778425655976,0.7104393762303158,23.346341622483237,Low Risk,0.8125,18.75
280145,Terna Blood Centre,Thane,Thane,Nerul,15,0.1333333333333333,0.4416666666666666,2.9479690013923463,13.333333333333334,54.08163265306123,0.5808876313403233,23.24896340443372,Low Risk,0.75,25.0
283305,Surabhi Hospital Pvt.Ltd. Surabhi Blood Centre,Ahmadnagar,Ahmednagar,Kavijung Naga,15,0.2666666666666666,0.2333333333333333,8.433869268556643,26.666666666666668,28.57142857142857,1.661866301895278,23.185994658501905,Low Risk,0.641559829059829,35.8440170940171
18079,Pimpari Serological Institute Blood Centre,Pune,Pune,Mumbai Highway,15,0.15,0.3333333333333333,5.22555775665884,15.0,40.81632653061224,1.029679031992513,23.140072819222617,Low Risk,0.6428571428571429,35.71428571428571
18186,Lokamanya Tssia  Blood Centre,Thane,Thane,Petrol P,15,0.2833333333333333,0.2166666666666666,16.683870675976014,28.33333333333333,26.53061224489796,3.287502044281553,22.97536190562821,Low Risk,0.6625,33.75
18247,Navjivan Blood Centre Mged By Saraswati Vidyaprasarak Foundation,Mumbai,Mumbai,Borivali,15,0.1333333333333333,0.425,7.445272024810293,13.333333333333334,52.04081632653062,1.467066454611212,22.96030402861879,Low Risk,0.75,25.0
280770,Jeevan Adhar Blood Centre Nanded,Nanded,Nanded,To Ayurvedic College,15,0.3333333333333333,0.175,7.6510476703540595,33.333333333333336,21.42857142857143,1.5076138712465252,22.92154632495449,Low Risk,0.6458333333333333,35.41666666666667
27105,Indian Red Cross Society Blood Bank Ratnagiri,Ratnagiri,Ratnagiri,Nagarparishad Compound,15,0.3333333333333333,0.1666666666666666,2.209206613856496,33.33333333333333,20.40816326530612,0.4353169237730669,22.91920338060313,Low Risk,0.625,37.5
18221,Shri Sai Seva Medical Foundation Sanchalit Nirnay Janseva Blood Centre,Dhule,Dhule,C.S.No,15,0.1333333333333333,0.4833333333333333,2.018496448731435,13.333333333333334,59.18367346938776,0.3977381106852441,22.91618622835158,Low Risk,0.8125,18.75
18052,Holy Spirit Hospital Blood Centre,Mumbai,Mumbai,Andher,15,0.1833333333333333,0.4083333333333333,1.9282829258964092,18.333333333333336,50.0,0.3799618316369388,22.90749045790924,Low Risk,0.7708333333333333,22.916666666666675
18291,"District - Civil Surgeon,  General Hospital Blood Centre Wardha",Wardha,wardha,General Hosp,15,0.1916666666666666,0.4499999999999999,2.562830696661364,19.166666666666664,55.10204081632652,0.5049973904768874,22.860092885034188,Low Risk,0.8333333333333333,16.666666666666675
18124,Acharya Shree Tulsi Blood Centre,Kolhapur,jaysingpur,Udagaon,15,0.2916666666666667,0.2083333333333333,4.819862623169649,29.166666666666668,25.51020408163265,0.9497381353862304,22.76081888758805,Low Risk,0.6458333333333334,35.416666666666664
18177,"Shri Sai Seva Medical Foundation Sanchalit, Sanjeevani Blood Centre",Nashik,Nashik,Vadala Shivar,15,0.2083333333333333,0.325,5.320674834069955,20.833333333333336,39.795918367346935,1.0484215404012722,22.71108497693705,Low Risk,0.7083333333333334,29.166666666666664
18061,"Acharya Anandrishiji Blood Centre, Pune",Pune,Pune,Sadashiv Peth,15,0.1833333333333333,0.4,7.710117114764666,18.33333333333333,48.9795918367347,1.5192533116992777,22.676794620441825,Low Risk,0.78125,21.875
284915,Yogeshwari Blood Centre,Beed,Beed,House No,15,0.25,0.2499999999999999,3.0115520337086696,25.0,30.61224489795918,0.5934164594990387,22.645165339364556,Low Risk,0.65625,34.375
27167,Warje Blood Centre,Pune,Pune,Warje,15,0.0583333333333333,0.5750000000000001,9.24060770399256,5.833333333333333,70.40816326530613,1.8208314669462784,22.640582016396436,Low Risk,0.875,12.5
18082,Rakesh Jain Memorial Blood Centre,Pune,Pune,Sadashiv Peth,15,0.1583333333333333,0.4083333333333333,4.465416362807362,15.833333333333332,50.0,0.8798956612889658,22.40747391532224,Low Risk,0.7708333333333334,22.916666666666664
284117,"Vedanta Hospital And Research Center Blood Centre, Saswand, Post Dhundalwadi",Palghar,Saswand,Palghar,14,0.2767857142857143,0.2946428571428571,3.318996080643635,27.67857142857143,36.078717201166185,0.6539973014649432,22.35282148280064,Low Risk,0.75,25.0
18089,"Civil Surgeon, General Hospital Blood Centre, Gadchiroli",Gadchiroli,Gadchiroli,Chandrapur R,15,0.2416666666666666,0.325,1.8757395634419207,24.166666666666668,39.795918367346935,0.3696083342479133,22.33304834206538,Low Risk,0.75,25.0
282735,Sahyaadrie Blood Centre Osmanabad,Osmanabad,Osmanabad,Kakde Plot,15,0.0499999999999999,0.475,4.890752155885062,5.0,58.16326530612245,0.9637066855054582,22.281742997906974,Low Risk,0.75,25.0
280124,M/S Pimpri Chinchwad Blood Centre,Pune,Pimpri,Mhada Commercial Complex,15,0.125,0.4416666666666667,5.423329682774631,12.5,54.08163265306123,1.0686493419424332,22.097229589660007,Low Risk,0.7926136363636364,20.738636363636363
280768,Sanjeevani Blood Centre Bhosari,Pune,Bhosari,Mahalaxmi,15,0.0833333333333333,0.3749999999999999,23.803908585489967,8.333333333333332,45.91836734693877,4.690482182253639,22.079295715631435,Low Risk,0.70625,29.375
18234,Sanjivan   Blood Centre,Chandrapur,Chandrapur,Kasturba Rd,15,0.1583333333333333,0.4166666666666667,1.6571973827671562,15.833333333333332,51.02040816326531,0.3265453137004943,22.00340503590812,Low Risk,0.7916666666666666,20.833333333333336
18039,Lilavati Hospital And Research Centre Blood Centre,Mumbai,Bandra,Bandra Reclaimation,15,0.1833333333333333,0.25,4.836739992099356,18.333333333333336,30.612244897959183,0.9530637656273232,21.99847002303948,Low Risk,0.6190476190476191,38.095238095238095
282599,Dean Datta Meghe Medical Collecge M.S.Dattatraya Blood Centre,Nagpur,Nagpur,Hingana,15,0.2333333333333333,0.3166666666666666,2.678490404300312,23.33333333333333,38.775510204081634,0.5277877568546108,21.909157823567394,Low Risk,0.75,25.0
27124,"Central Hospital Blood Centre, Ulhasnagar, Thane",Thane,ulhasnagar,Ulhasnagar,15,0.075,0.5416666666666666,3.2693739055254603,7.5,66.3265306122449,0.6442194144679168,21.7426875066782,Low Risk,0.875,12.5
18162,Godavari FoundationS Dr.Ulhas Patil Medical College And Hospital Blood Centre,Jalgaon,Jalgaon,Jalgaon Khurd,15,0.125,0.5,3.781158765949097,12.5,61.224489795918366,0.7450649441145692,21.74238868500824,Low Risk,0.875,12.5
284864,"Sahyaadrie Blood Centre,  Midc Waluj Industrial Area, Vadgaon Kolhati, Chh. Sambhajinagar.",Aurangabad,Aurangabad,Waluj,15,0.1166666666666666,0.3166666666666666,4.970344496547694,11.666666666666666,38.775510204081634,0.9793900954119096,21.605391741540053,Low Risk,0.65,35.0
283264,Aurangabad Thalassemia Society Shri Satya Sai Blood Centre,Aurangabad,Aurangabad,Opposite Sant Tukaram N,15,0.1416666666666666,0.3833333333333333,6.790885740702163,14.166666666666666,46.93877551020408,1.338121781727056,21.57680008055854,Low Risk,0.7613636363636364,23.863636363636363
18143,Dr. JondhaleS Nityaseva Blood Centre,Ahmadnagar,Shrirampur,Shrirampur,15,0.0166666666666666,0.575,8.783855338979903,1.6666666666666667,70.40816326530613,1.7308299101809328,21.576414960538436,Low Risk,0.875,12.5
18096,Bharati Vidyapeeth University Medical College And Hospital Blood Centre,Sangli,Sangli,Miraj,15,0.0666666666666666,0.5583333333333333,1.947649928491599,6.666666666666667,68.36734693877551,0.3837780360333786,21.53301933894032,Low Risk,0.8928571428571428,10.71428571428572
27104,Sanjeevani Blood Centre,Aurangabad,Aurangabad,Jawahar,15,0.1583333333333333,0.3583333333333334,6.798900717298438,15.833333333333332,43.87755102040817,1.3397011066005735,21.51264636508552,Low Risk,0.75,25.0
282612,Red Plus Blood Center Jalgaon,Jalgaon,Jalgaon,College Road,15,0.1666666666666666,0.2833333333333333,11.694798422434769,16.666666666666668,34.69387755102041,2.3044217057242222,21.46548390509525,Low Risk,0.678030303030303,32.1969696969697
18214,"Kakasaheb Chitle  Memorial Centre Sanchalit,  Jankalyan Blood Centre",Raigarh,Raigarh,Raigrah,15,0.075,0.5,4.407389039119452,7.5,61.224489795918366,0.8684615673096301,21.460737840807,Low Risk,0.8375,16.249999999999996
27168,Siddeshwar Pratisthans Manwath Blood Centre,Parbhani,Manwath,Manwath,15,0.2416666666666666,0.2916666666666667,3.151858058576238,24.166666666666668,35.714285714285715,0.6210633019216029,21.375503920718494,Low Risk,0.75,25.0
18285,Sainath Blood Centre,Nagpur,Nagpur,Hotel Centre,15,0.175,0.3416666666666667,8.937562222132863,17.5,41.83673469387755,1.7611173478145226,21.35085189931191,Low Risk,0.7569444444444444,24.30555555555556
18184,"Vitthal  Sayanna General  Hospital (Civil Hospital) Blood Centre, Thane",Thane,Thane,Tembhi Naka,15,0.1083333333333333,0.4333333333333333,6.058803381052866,10.833333333333334,53.06122448979592,1.1938673517646436,21.350231293723475,Low Risk,0.796875,20.3125
18130,"Shri Basaveshwar Manav  Vikas, Grameen Sevabhavi Sanstha, Adarsh Blood Centre",Sangli,Sangli,Ganesh Nagar,15,0.2916666666666667,0.1583333333333333,7.561817655321503,29.166666666666668,19.387755102040817,1.4900313891877783,21.317931471292,Low Risk,0.6477272727272727,35.22727272727273
18169,Civil Hospital Blood Centre Nashik,Nashik,Nashik,Trimbak Naka,15,0.0333333333333333,0.4916666666666667,3.915355764544164,3.333333333333333,60.204081632653065,0.7715080229291873,21.28556408056223,Low Risk,0.7916666666666666,20.833333333333336
280723,Mahalakshmi Blood Centre,Satara,karad,Mahalaxmi,15,0.1083333333333333,0.4166666666666667,7.084045988391122,10.833333333333334,51.02040816326531,1.3958880478590106,21.176990719447748,Low Risk,0.7854166666666667,21.458333333333336
18103,Mauli Blood Centre satara,Satara,Satara,Sadarbazar,15,0.2166666666666666,0.3083333333333334,8.23206574225677,21.666666666666668,37.75510204081633,1.6221015783404873,21.120342571455872,Low Risk,0.765625,23.4375
18115,"Athar Blood Centre, Solapur",Solapur,Solapur,Athar Blood,15,0.1416666666666666,0.4666666666666667,3.029580787232603,14.166666666666666,57.14285714285714,0.5969689663013794,21.101623193956296,Low Risk,0.875,12.5
280520,Mgm Medical College And Hospital Blood Centre,Aurangabad,Aurangabad,Cidco,15,0.05,0.5583333333333333,2.52820286483691,5.0,68.36734693877551,0.498174089689987,21.07054692378304,Low Risk,0.8958333333333333,10.416666666666677
27162,Jeevan Dhara Blood Centre,Pune,Pune,Dhanori,15,0.15,0.4583333333333333,3.195237411050443,15.0,56.12244897959183,0.6296110611741312,21.06301501019149,Low Risk,0.875,12.5
18256,M/S Late Dr. Sadanandji Burma Trust Blood Centre,Amravati,Amravati,Amravati,15,0.175,0.4416666666666666,5.100206845769705,17.5,54.08163265306123,1.0049790457720509,21.011236258041656,Low Risk,0.8854166666666666,11.458333333333336
18076,"Abhinav Sikshan MandalS,  Sanjeevan Blood Centre",Kolhapur,Kolhapur,Abhinav Sikshan Mandals,15,0.1333333333333333,0.35,15.26706552259413,13.333333333333334,42.85714285714286,3.008325231625092,20.91949202219199,Low Risk,0.7552083333333334,24.479166666666664
284443,"Maharashtra Blood Centre, Waluj Midc, Dist. Chh. Sambhaji Nagar (Aurangabad)",Aurangabad,Waluj,Waluj,15,0.175,0.325,6.525222836992457,17.5,39.795918367346935,1.2857737771184468,20.895423036116345,Low Risk,0.75,25.0
18153,Jeevan Jyoti Blood Centre,Dhule,Dhule,Green Park,15,0.1,0.3333333333333333,18.230521335552343,10.0,40.81632653061225,3.5922644884347674,20.89381442142842,Low Risk,0.7083333333333334,29.166666666666664
280126,Morya Blood Centre,Pune,Chinchwad,Midc,15,0.0916666666666666,0.4083333333333333,5.287024723328298,9.166666666666668,50.0,1.0417908963497815,20.855685819325544,Low Risk,0.7678571428571428,23.21428571428572
18121,"Mahatma Gandhi Hospital Blood Centre, New Pargaon",Kolhapur,Hatkanangale,New Pargaon,15,0.1333333333333333,0.3916666666666667,12.819965088621398,13.333333333333334,47.9591836734694,2.5261321101672616,20.85523046106068,Low Risk,0.8039772727272727,19.60227272727273
284508,Dr.Rajendra Gode Blood Centre And Component Lab,Amravati,Amravati,Amravati,15,0.25,0.2583333333333333,5.142012746413279,25.0,31.63265306122449,1.0132167614974958,20.66146745568049,Low Risk,0.75,25.0
18261,Akola Diagnostic Centre Blood Centre And Component Lab,Akola,Akola,Ramnagar,15,0.1583333333333333,0.3583333333333333,6.624360009334892,15.833333333333332,43.87755102040816,1.305308432059722,20.61863152978364,Low Risk,0.7854166666666667,21.458333333333336
18238,"Ircs Nagappa Ambarkhane Blood Centre, Udgir",Latur,Udgir,Udgir,15,0.2083333333333333,0.2916666666666666,4.51853560156799,20.83333333333333,35.71428571428571,0.8903626332169909,20.609495420209008,Low Risk,0.75,25.0
18295,"Arpan Blood Centre,Blood Component Lab. And Aphersis Centre",Ahmadnagar,Sangamner,Swatantrya,15,0.1583333333333333,0.3416666666666667,8.543657873355384,15.833333333333332,41.83673469387755,1.6834997866977224,20.56755862014382,Low Risk,0.7708333333333333,22.916666666666675
18292,"Kasturba Health SocietyS, Blood Centre, Sevagram(Mgims)",Wardha,Wardha,Department Of Pathology,15,0.3166666666666666,0.1416666666666666,2.894875886966598,31.666666666666664,17.346938775510203,0.5704258071268776,20.55573003454816,Low Risk,0.6736111111111112,32.638888888888886
18168,Arpan Blood Centre And Blood Component Laboratory And Research Centre Nashik,Nashik,Nashik,Opp.Ga,15,0.1583333333333333,0.2833333333333333,14.488564832251972,15.833333333333332,34.69387755102041,2.854924221710782,20.525593300325653,Low Risk,0.7127976190476191,28.72023809523809
18086,Central India Institute Of Haematology And OncologyS Blood And Blood Component Bank And Apheresis U,Nagpur,Nagpur,Dhantoli,15,0.1833333333333333,0.3166666666666667,6.366264101344802,18.333333333333336,38.775510204081634,1.2544514791609014,20.3943951827154,Low Risk,0.7678571428571428,23.21428571428572
18289,Rainbow Blood Centre,Nagpur,Nagpur,Rainbow Diagnostic Services Central Bazar Ro,15,0.1583333333333333,0.3416666666666667,6.974266535366278,15.833333333333332,41.83673469387755,1.374256366383622,20.386081098398627,Low Risk,0.775,22.5
18034,"Seth V.C.Gandhi And M.A.Vora Municipal General Hospital, Rajawadi ,Ghatkopar",Mumbai,Ghatkopar,Rajawadi Hospit,15,0.1083333333333333,0.4666666666666667,5.249379795289222,10.833333333333332,57.14285714285714,1.0343730866407015,20.37764089070779,Low Risk,0.875,12.5
280148,"M/S Adhar Blood Centre, Ichalkaranji",Kolhapur,Kolhapur,Ichalkaranji,15,0.1666666666666666,0.325,3.709123133359946,16.666666666666664,39.795918367346935,0.7308705587709479,20.28794723152947,Low Risk,0.7604166666666667,23.958333333333325
18208,M/S. Shri Hazur Saheb Blood Centre,Nanded,NANDED,Opp. Bank Of I,15,0.175,0.3166666666666667,4.368583177245705,17.5,38.775510204081634,0.8608149993927646,20.273664634201936,Low Risk,0.7604166666666666,23.958333333333336
18139,Pravara Medical Trusts Blood Centre,Ahmadnagar,Rahata,Loni,15,0.1916666666666666,0.325,2.986993956243224,19.166666666666664,39.795918367346935,0.588577370810373,20.24493345834885,Low Risk,0.7857142857142857,21.42857142857143
18064,M/S Bharati Vidyapeeth Medical Foundations Bharati Hospital Blood Centre,Pune,Pune,Bharati Vidyapeeth S.No,15,0.15,0.375,5.153548774215948,15.000000000000002,45.91836734693878,1.0154898979728808,20.17096431122792,Low Risk,0.8125,18.75
18157,Civil Hospital Blood Centre,Jalgaon,Jalgaon,Zilha Peth,15,0.1166666666666666,0.4,6.324424805933839,11.666666666666666,48.9795918367347,1.2462071831059756,20.160616421626838,Low Risk,0.8125,18.75
27127,"Blood Centre, Govt.Medical College, General Hospital Latur",Latur,Latur,Gandhi Chowk,15,0.1166666666666666,0.3333333333333333,3.000465317020057,11.666666666666666,40.81632653061225,0.591231858306303,20.1137943591344,Low Risk,0.7261904761904762,27.380952380952383
18136,M/S. Global Hospital-Super Speciality Andtransplant Centre,Mumbai,Mumbai,Parel,15,0.1416666666666666,0.3833333333333333,1.8157965429556504,14.166666666666666,46.93877551020408,0.3577967584921274,20.05330973384072,Low Risk,0.8125,18.75
18131,"Azad Panchi Groups, M/S Siddheshwar Blood Centre, Solapur",Solapur,Solapur,Siddheshwar Peth,15,0.1,0.3999999999999999,23.73496920040226,10.0,48.97959183673469,4.676897902333891,20.02126529191,Low Risk,0.8357142857142857,16.428571428571427
282564,M/S Aman Blood Centre Gandhibag Nagpur,Nagpur,Nagpur,Chota Loharpura Masjid,15,0.1333333333333333,0.3916666666666666,5.598102295758408,13.333333333333334,47.95918367346939,1.1030877126075775,20.002310270761665,Low Risk,0.8238636363636364,17.613636363636363
18045,"Dr. L. H. Hiranandani Hospital, Blood Centre",Mumbai,Mumbai,Powai,15,0.2,0.2416666666666666,3.5945244810502137,20.0,29.59183673469388,0.7082892698688078,19.99690650114067,Low Risk,0.703125,29.6875
284510,"Saiseva Blood Cantre, Blood Components And Apheresis Centre",Ahmadnagar,Ahmednagar,sarjepura,15,0.1666666666666666,0.3416666666666667,9.129662229262845,16.666666666666664,41.83673469387755,1.7989700247149547,19.91934284631479,Low Risk,0.80625,19.375
283261,The Yugantar Education SocietyS Nashikrao Tirpude Blood Centre,Nagpur,Nagpur,Chalks Colony,15,0.125,0.45,4.566532536499394,12.5,55.102040816326536,0.8998202719610654,19.90324304984968,Low Risk,0.8888888888888888,11.111111111111116
18220,"Mauli Blood Centre, Latur",Latur,Latur,Barshi,15,0.175,0.3166666666666666,10.998819660762116,17.5,38.775510204081634,2.167281371432969,19.819031227211987,Low Risk,0.7916666666666666,20.833333333333336
27160,Spandan Blood Centre Yavatmal,Yavatmal,Umerkhed,Yavatmal,15,0.15,0.425,2.54308632871581,15.0,52.04081632653062,0.5011068274747704,19.77009617311673,Low Risk,0.8846153846153846,11.538461538461542
27145,"Civil Surgeon, District General Hospital Blood Centre & Blood Component Unit Hingoli",Hingoli,Hingoli,Hingoli Akola,15,0.125,0.3416666666666667,3.738957027774603,12.5,41.83673469387755,0.736749229900801,19.73428007185368,Low Risk,0.7613636363636364,23.863636363636363
18125,"Arpan Blood Centre, Blood Component And Apheresis Centre Kolhapur",Kolhapur,KOLHAPUR,reliance mall,15,0.1166666666666666,0.375,11.914489462035275,11.666666666666666,45.91836734693878,2.347711105158191,19.72276961302424,Low Risk,0.8104166666666667,18.95833333333333
18049,Rotary D.G Goenka Blood Centre( Municipal Gen. Hospital),Mumbai,Mumbai,Andheri,15,0.0416666666666666,0.5333333333333333,3.323808557814472,4.166666666666666,65.3061224489796,0.654945584321149,19.61526700832519,Low Risk,0.9166666666666666,8.333333333333337
27118,"Blood Bank Civil Hospital, Ratnagiri",Ratnagiri,Ratnagiri,Districhospital Ratnagiri,15,0.225,0.25,5.975637202890142,22.5,30.612244897959183,1.1774797288901306,19.562014490045662,Low Risk,0.7604166666666666,23.958333333333336
18137,"Padmashri Dr. Vitthalrao Vikhe Patil Foundation Ahmednagar Medical College Hospital, Blood Bank",Ahmadnagar,Ahmednagar,Vadgaon,15,0.0583333333333333,0.4083333333333333,8.934553238608194,5.833333333333333,50.0,1.7605244374713127,19.39846444270116,Low Risk,0.8,20.0
282598,Dnyandeep Blood Center Of Modern Institute Of Technology,Solapur,Natepute,Natepute,15,0.0499999999999999,0.475,9.116592069669109,5.0,58.16326530612245,1.7963945925974325,19.36491497467997,Low Risk,0.875,12.5
18126,"Sai Seva Medical Foundation, Vaibhavlaxmi Blood Centre",Kolhapur,Kolhapur,Deccan,15,0.1166666666666666,0.35,21.04384073279094,11.666666666666666,42.85714285714285,4.1466198565183054,19.221178773653385,Low Risk,0.8178571428571428,18.214285714285715
27116,"Blood Bank Civil Hospital, Alibag",Raigarh,Alibag,Alibag,15,0.15,0.3416666666666667,4.305469834425706,15.0,41.83673469387755,0.8483787220101451,19.108778353971925,Low Risk,0.8125,18.75
282571,"Shri Manoharpant Sapate Bahuuddeshiya Samajseva Sansthan TrustS, M/S. Medicare Blood Centre",Solapur,Solapur,Solapur,15,0.0583333333333333,0.4583333333333333,8.647113509844456,5.833333333333333,56.12244897959184,1.7038853808476468,19.039916923443208,Low Risk,0.875,12.5
18122,Dr. D.Y Patil Hospital Blood Centre,Kolhapur,Kolhapur,Kadamwadi,15,0.1166666666666666,0.4166666666666667,4.620979527722828,11.666666666666666,51.02040816326531,0.9105488731608916,19.024405925773216,Low Risk,0.875,12.5
18129,Chattrapati Shahu Maharaj Aadhar Blood Centre,Pune,Pune,Patil Plaza,15,0.2583333333333333,0.2416666666666666,11.95027827784666,25.833333333333336,29.59183673469388,2.354763174035215,18.95391188194418,Low Risk,0.8196428571428571,18.03571428571429
27122,Indira Gandhi Medical College & Hospital Nagpur,Nagpur,Nagpur,Central Avenue,15,0.05,0.4666666666666667,26.90532872453821,5.0,57.14285714285714,5.3016068574154245,18.94444933340148,Low Risk,0.9166666666666666,8.333333333333337
27165,Panchavati Blood Centre Nashik,Nashik,Nashik,Tarwala Nagar,15,0.125,0.3666666666666666,7.041965690452352,12.5,44.89795918367347,1.3875962630457366,18.863055528346468,Low Risk,0.8333333333333334,16.666666666666664
282568,Vbss Sanchalit Latur Blood Centre And Components Latur,Latur,LATUR,Old Renapur,15,0.2416666666666667,0.1916666666666667,9.2970807947785,24.16666666666667,23.469387755102048,1.831959304425444,18.747211764881875,Low Risk,0.7447916666666666,25.520833333333336
280719,Swami Vivekanand Blood Centre,Nanded,Nanded,Nanded,15,0.0083333333333333,0.4916666666666667,6.5071403036570326,0.8333333333333334,60.204081632653065,1.282210673180486,18.70490640979172,Low Risk,0.875,12.5
280662,Mimer Medical College And Garware Blood Centre,Pune,Pune,Talegaon Dabhade,15,0.1333333333333333,0.3916666666666666,4.252424256110664,13.333333333333334,47.95918367346939,0.8379262646315401,18.65761081785857,Low Risk,0.875,12.5
284454,"Bhavar Blood Centre,  Badlapur (E), Taluka Ambernath, Dist. Thane",Thane,Badlapur,Badlapur,15,0.175,0.2916666666666667,9.64411460781411,17.5,35.714285714285715,1.9003411800672996,18.572690814497346,Low Risk,0.8082386363636364,19.176136363636363
18161,Indian Red Cross Society Blood Centre Jalgaon,Jalgaon,Jalgaon,Opp.B.J.Market,15,0.15,0.2083333333333333,13.638069732500684,15.0,25.51020408163265,2.687336949345388,18.559801924411172,Low Risk,0.6895833333333333,31.041666666666668
285231,"Shaurya Blood Centre,Blood Components and Apheresis, Chandrapur",Chandrapur,Chandrapur,Chandrapur,15,0.125,0.375,15.8460628050344,12.5,45.91836734693878,3.122414748777531,18.51019552392908,Low Risk,0.875,12.5
283290,Jijai Blood Centre Components Laboratory And Apheresis Centre C,Nanded,Nanded,Nand,15,0.125,0.35,9.485175203119706,12.5,42.85714285714285,1.8690226912107453,18.47320805375507,Low Risk,0.8333333333333333,16.666666666666675
282741,"Jeevandai Blood Centre, Components And Apheresis Centre Beed",Beed,Beed,Barshi,15,0.05,0.45,6.149720783754952,5.0,55.102040816326536,1.2117823280341653,18.45345578609017,Low Risk,0.875,12.5
27171,Shri Chhatrapati Shivaji Bahuuddheshiya Sansthas Varad Blood Centre Dhule,Dhule,Dhule,Manmad Junction,15,0.1,0.4083333333333333,11.446444654781043,10.0,50.0,2.2554844096540534,18.428454435746847,Low Risk,0.8854166666666666,11.458333333333336
284844,"Civil Hospital Palghar Blood Centre, Palghar",Palghar,Palghar,St Fl,15,0.025,0.5750000000000001,2.9098188876163062,2.5,70.40816326530613,0.573370276437249,18.370383385435844,Low Risk,1.0,0.0
18097,"Miraj Serological Institute Blood Centre, Miraj",Sangli,Sangli,S.No.795/A,15,0.125,0.35,8.060480813436744,12.5,42.85714285714285,1.5882913303938886,18.355676728702367,Low Risk,0.8352272727272727,16.47727272727273
283306,Jalna Blood Centre Components And Apheresis Centre,Jalna,Jalna,Panna Chamber,15,0.1583333333333333,0.3666666666666667,4.369035335060025,15.833333333333332,44.89795918367348,0.8609040956083721,18.2105491531538,Low Risk,0.8875,11.250000000000004
284358,"Poona Medical Relief And Research Foundation, Kai Madhukar Sakharam Bidkar Blood Centre, Pune",Pune,Pune,Mangalwar Peth,15,0.15,0.3166666666666667,5.89467032973955,15.0,38.775510204081634,1.1615254718612185,18.181374303601096,Low Risk,0.8221153846153846,17.78846153846154
282562,Kokilaben Dhirubhai Ambani Hospital Navi Mumbai Blood Centre,Thane,Thane,Kopar Khairane,15,0.1166666666666666,0.4,2.726699175099842,11.666666666666666,48.9795918367347,0.5372871371623212,18.180501794756307,Low Risk,0.8846153846153846,11.538461538461542
280123,M/S Vidyashree Charitable Trusts Om Blood Centre,Pune,Pune,Mangalwar P,15,0.0416666666666666,0.4333333333333333,14.787760854698282,4.166666666666666,53.06122448979592,2.913879817479665,18.16044274348556,Low Risk,0.875,12.5
284084,"Washim Blood Centre (Trust), Washim Managed By Ocean Bahuuddeshiya Sanstha, Pusad, Dist. Yavtmal",Washim,Washim,Akola Nak,15,0.0666666666666666,0.4333333333333333,10.223809671741458,6.666666666666667,53.06122448979591,2.014568192775164,17.935614837309434,Low Risk,0.9,9.999999999999998
282577,"Welfare And Educational Trust Of Nmrcw, Chemist Blood Centre",Thane,Thane,Chemist Bhavan,15,0.0416666666666666,0.4583333333333333,9.213286098306089,4.166666666666666,56.12244897959184,1.8154478340776377,17.869890870084035,Low Risk,0.90625,9.375
18134,"Azad Panchi Groups, Miraj Serological Institute Blood Centre",Sangli,Sangli,Ganesh Nagar,15,0.0416666666666666,0.4333333333333333,7.248006938230215,4.166666666666666,53.06122448979592,1.4281960157309102,17.789021793048374,Low Risk,0.875,12.5
18025,"S. L. Raheja Hospital. Blood Centre, Mahim",Mumbai,Mumbai,Mahim,15,0.1083333333333333,0.3833333333333333,3.406589784796014,10.833333333333334,46.93877551020408,0.6712573538268807,17.735841549341075,Low Risk,0.875,12.5
18257,"Sant Gadgebaba Blood Centre And Component Centre, Badnera",Amravati,Amravati,Badnera,15,0.1,0.3916666666666667,5.291474708747666,10.0,47.9591836734694,1.0426677513942324,17.615046189549243,Low Risk,0.8854166666666666,11.458333333333336
283310,Renuka Blood Centre Component And Apheresis Centre,Osmanabad,Osmanabad,Osmanabad,15,0.0916666666666666,0.325,12.63744479365636,9.166666666666666,39.795918367346935,2.4901670841565733,17.446521362875878,Low Risk,0.8166666666666667,18.333333333333336
18081,Aditya Birla Memorial Hospital Blood Centre,Pune,PUNE,Chinchwad,15,0.075,0.4083333333333333,5.3872416827270975,7.5,50.0,1.0615383197920916,17.31895600851945,Low Risk,0.8928571428571429,10.71428571428571
27121,"Government Medical College And Hospital ,Blood Centre, Miraj",Sangli,Miraj,Pandharpur Rd,15,0.125,0.3666666666666667,8.872326230257976,12.5,44.89795918367348,1.7482628093914785,17.28655549826624,Low Risk,0.9,9.999999999999998
280694,Medicare Blood Centre,Yavatmal,Pusad,Yavatmal,15,0.05,0.425,6.809583155929265,5.0,52.04081632653062,1.3418060461268269,17.19982225983103,Low Risk,0.8958333333333333,10.416666666666677
18156,Keshavsmruti Pratishthan Sanchalit Madhavrao Golwalkar Swayamsevi Raktpedhi,Jalgaon,Jalgaon,Dr. Anil Achyarya Bhavan,15,0.0499999999999999,0.4333333333333333,5.187051619851799,5.0,53.06122448979591,1.0220915239178543,17.11457900342844,Low Risk,0.90625,9.375
18004,Goodwill Social ClubS Amruta Blood Centre,Aurangabad,Aurangabad,Cidco,15,0.0666666666666666,0.4333333333333333,7.892008624490558,6.666666666666667,53.06122448979592,1.5550944376390976,17.106460684239707,Low Risk,0.9285714285714286,7.14285714285714
18231,"Dean, Swami Ramanand Tirtha Rural Medical College. And Hospital, Blood Centre",Beed,Ambajogai,Mch Ambajogai Tq.Ambajogai,15,0.1,0.2833333333333333,11.00402317496635,10.0,34.69387755102041,2.168306706855192,17.072688921611757,Low Risk,0.7857142857142857,21.42857142857143
282586,"Varad Charitable And Medical Trust, Balaji Blood Centre, Satara",Satara,Satara,Behind,15,0.0916666666666666,0.325,29.916566241287093,9.166666666666668,39.795918367346935,5.894961342378197,17.04771992743128,Low Risk,0.8666666666666667,13.33333333333333
280692,Pune Blood Centre,Pune,Pune,Hadapsar,15,0.0833333333333333,0.375,13.729535484067403,8.333333333333332,45.91836734693878,2.7053599759617675,17.017042941836248,Low Risk,0.8888888888888888,11.111111111111116
285274,"Bhartiya Sanskruti Shikshan Prasarak Mandal, Sangola sanchlit,Sangola Blood Centre,Sangola,Solapur",Solapur,Pandharpur,Opp.Market Yard,15,0.0166666666666666,0.475,8.464947473667195,1.6666666666666667,58.16326530612245,1.6679901603701974,16.936980533289827,Low Risk,0.9375,6.25
18176,"Late. Dr. G.M. Bhavsar Charitable TrustS,Malegaon Blood Centre",Nashik,Malegaon,Satana Naka,15,0.1083333333333333,0.35,10.714192213812169,10.833333333333334,42.85714285714286,2.111196465724968,16.815001497383626,Low Risk,0.8854166666666666,11.458333333333336
283298,Ved Medical Foundation Pune Vita Blood Centre,Sangli,Sangli,Basement Of Kala,15,0.025,0.5166666666666667,3.813386094452487,2.5,63.26530612244898,0.7514152335884133,16.62918033900935,Low Risk,1.0,0.0
284095,"Chhatrapati Shahu Maharaj Pratishthan, Swastik Blood Centre, Kamothe, Navi Mumbai",Raigarh,Navi Mumbai,Kamothe Navi Mumbai,15,0.0583333333333333,0.3833333333333333,4.582957895282834,5.833333333333333,46.93877551020408,0.9030568350840564,16.54379141965537,Low Risk,0.875,12.5
280138,Irrapanna N Bolli Blood Centre,Solapur,Solapur,Bhavani Peth,15,0.125,0.325,5.367754101835069,12.5,39.795918367346935,1.0576983558373902,16.463404180796083,Low Risk,0.875,12.5
18114,Akshay Blood Centre,Solapur,Solapur,Lashkar,15,0.0583333333333333,0.375,16.026395584310396,5.833333333333333,45.91836734693878,3.1579487319901003,16.405983781636984,Low Risk,0.8928571428571429,10.71428571428571
18266,"Adarsh Sanskaar Mandal  Sanchalit, Dr. Hedgewar Rakta Pedhi, Blood Centre",Akola,Akola,Near Jathat Peth,15,0.0499999999999999,0.4083333333333333,6.010892248877205,5.0,50.0,1.1844266201724158,16.389856655043104,Low Risk,0.90625,9.375
284150,"Shri Dhaneshwari Manav Vikas Mandals, Shantai Blood Centre, Pedgaon, Dist. Parbhani",Parbhani,Pedgaon,Pedgaon,15,0.05,0.375,9.630739759208115,5.0,45.91836734693878,1.8977057099783663,16.329018264229287,Low Risk,0.875,12.5
283286,Raigad Hospital Blood Centre Of Saraswati Education Society,Raigarh,karjat,Karjat,15,0.025,0.5,5.0582496610830185,2.5,61.224489795918366,0.9967115200216624,16.180300328985005,Low Risk,1.0,0.0
284254,Blood Center District Hospital Aurangabad,Aurangabad,Aurangabad,Chikalthana,15,0.0333333333333333,0.4916666666666667,3.4171047491156967,3.333333333333333,60.204081632653065,0.6733292930889299,16.05268606476883,Low Risk,1.0,0.0
18135,"M/S. Shri Hazur Saheb Blood Centre, Components Laboratory And Apheresis Centre",Parbhani,Parbhani,Shivaji Nagar,15,0.0333333333333333,0.4333333333333333,6.532159265557124,3.333333333333333,53.06122448979592,1.2871405776366978,15.982924600191488,Low Risk,0.9375,6.25
283207,Muktai Blood Centre Of Shivpooja Bahuudeshiya Shikhan Prasarak Mandal Solapur,Pune,Pune,S No,15,0.1333333333333333,0.3,6.508214485574888,13.333333333333334,36.734693877551024,1.2824223372073456,15.962612387022926,Low Risk,0.875,12.5
280535,Jupiter Lifeline Hospital Blood Centre,Pune,Pune,Near Prathmesh Park,15,0.0583333333333333,0.425,3.2576911682968595,5.833333333333333,52.04081632653062,0.6419173693809135,15.879016757311218,Low Risk,0.95,5.000000000000004
18145,"Rotary Blood Centre, Rahuri Charitable Trust",Ahmadnagar,Rahuri,Nagar Manmad,15,0.025,0.4916666666666667,3.5593383752219583,2.5,60.204081632653065,0.7013559630189015,15.851359398917992,Low Risk,1.0,0.0
283142,Samarpan Blood Centre,Bhandara,Bhandara,Bhandara,15,0.0166666666666666,0.4416666666666666,6.79394301082458,1.6666666666666667,54.08163265306123,1.3387242067861187,15.834255881628502,Low Risk,0.9375,6.25
284433,"Ayush Blood Centre, Vaduj, Tal. Khatav, Dist. Satara",Satara,Vaduj,Vaduj,15,0.0916666666666666,0.325,9.391367171617055,9.166666666666666,39.795918367346935,1.8505381260085552,15.82828079000554,Low Risk,0.875,12.5
18138,Jankalyan Blood Centre,Ahmadnagar,Ahmednagar,Nalegaon,15,0.0333333333333333,0.4583333333333333,14.325563597068996,3.333333333333333,56.12244897959183,2.8228053624669216,15.569646918848022,Low Risk,1.0,0.0
18248,Noor Hospital Blood Centre,Jalna,Warudi,Jalna,15,0.1166666666666666,0.3166666666666666,13.959801889982687,11.666666666666666,38.775510204081634,2.750733216672984,15.530370378998178,Low Risk,0.9107142857142856,8.92857142857143
27114,"Blood Bank Civil Hospital, Amravati",Amravati,Amravati,Dr. Babasaheb Ambedkar Chowk Dist,15,0.0333333333333333,0.4666666666666667,8.158714484383262,3.333333333333333,57.14285714285714,1.6076479533458383,15.52095960738408,Low Risk,1.0,0.0
18255,"Dr. P.D.M.H.C. Hospital And Research Centre, Blood Centre",Amravati,Amravati,Shivaji Nagar,2,0.0625,0.4375,11.40209684663308,6.25,53.57142857142857,2.2467458193846035,15.517043597703292,Low Risk,1.0,0.0
18216,Rotary Club New Panvel Charitable  Trust S Late Dr. B.V. Limaye Blood Centre,Raigarh,PANVEL,Panvel,15,0.025,0.475,5.85720321107397,2.5,58.16326530612245,1.1541426989065109,15.454352001257242,Low Risk,1.0,0.0
18030,K.J.Somaiya Medical College And Hospital Blood Centre,Mumbai,Mumbai,First,15,0.0083333333333333,0.4916666666666667,3.632699632512036,0.8333333333333334,60.204081632653065,0.7158115583658179,15.438306631088054,Low Risk,1.0,0.0
282683,"Mgm Blood Centre , Kamothe",Raigarh,Raigarh,Kamothe,15,0.0,0.4916666666666667,7.536583609609971,0.0,60.204081632653065,1.4850591031713445,15.422285183956102,Low Risk,1.0,0.0
27169,Ocean Bahuudeshiya Sansthas Lions Blood Centre Wardha,Wardha,Wardha,Shastri Chowk,15,0.0083333333333333,0.4916666666666667,3.105415064697216,0.8333333333333334,60.204081632653065,0.6119118621696936,15.412331707039025,Low Risk,1.0,0.0
284112,Mahalaxmi Blood Centre,Kolhapur,Kolhapur,West Side,15,0.0583333333333333,0.2833333333333333,10.730137166012106,5.833333333333333,34.69387755102041,2.114338366304955,15.347887312664676,Low Risk,0.8125,18.75
18194,Plasma  Blood Centre,Thane,Thane,V.P.Ro,15,0.0,0.5,0.0,0.0,61.224489795918366,0.0,15.306122448979592,Low Risk,1.0,0.0
280120,Shree Swami Samarth Blood Centre,Ratnagiri,Ratnagiri,Shree Kshetra,15,0.0083333333333333,0.4833333333333334,3.2323504320824146,0.8333333333333334,59.18367346938776,0.6369240603505009,15.1634827157679,Low Risk,1.0,0.0
18244,Golwalkari Guruji Blood Centre,Nanded,Nanded,Banda Chat,15,0.0166666666666666,0.475,2.614438726774436,1.6666666666666667,58.16326530612245,0.5151665836930859,15.086274639120552,Low Risk,1.0,0.0
18094,Vasantdada Patil Blood Centre And Haematology Research Centre,Sangli,Miraj,Mirasaheb Shopping Complex,15,0.0583333333333333,0.3333333333333333,4.532564222657612,5.833333333333333,40.81632653061225,0.8931269270314349,15.010696697744253,Low Risk,0.8750000000000001,12.49999999999999
280516,"Sadguru Gajanan Maharaj Education Society,  Paramedical Inst., Revneel Blood Centre",Solapur,Sangola,Mahalaxmi,15,0.025,0.325,25.677083347396167,2.5,39.795918367346935,5.059585130763697,14.96387587452766,Low Risk,0.875,12.5
18188,M/S Balasaheb Thackerey Blood Centre,Mumbai,Mumbai,Traumaca,15,0.075,0.3166666666666666,9.577885869863398,7.5,38.775510204081634,1.887291024283206,14.957366973757878,Low Risk,0.8833333333333333,11.66666666666667
18035,"Sushilaben R. Mehta And Sir. Kikabai Cardiac Institute, Blood Centre",Mumbai,Mumbai,Gandhi Market,15,0.125,0.275,1.9786322288525544,12.5,33.673469387755105,0.3898829967916666,14.765838096136694,Low Risk,0.875,12.5
284448,"Shwas Foundation Poona Blood Centre, Narayangaon, Tal- Junnar, Dist. Pune",Pune,Narayangaon,Narayangaon,15,0.0499999999999999,0.3166666666666666,13.967524198403533,5.0,38.775510204081634,2.752254872241596,14.756941269080809,Low Risk,0.875,12.5
284764,"Blood Centre And Component Separation Unit, Sub-District Hospital, Dharni, District Amravati",Amravati,Dharni,Dharni,15,0.025,0.45,6.041818230329749,2.5,55.102040816326536,1.1905204834743566,14.698140324950224,Low Risk,1.0,0.0
285230,"Redlife Blood Centre, Ghansoli, Navi Mumbai, Thane",Thane,Thane,Gami Aster,15,0.0333333333333333,0.3833333333333333,10.682995114529222,3.333333333333333,46.93877551020408,2.105049179542989,14.6567895057701,Low Risk,0.9375,6.25
280125,Red Plus Blood Centre Pune,Pune,Pune,Pmt B,15,0.0166666666666666,0.4083333333333333,32.517264496780115,1.6666666666666667,50.0,6.407420411232289,14.518521769474738,Low Risk,1.0,0.0
18080,Konkan Mitra Mandal Medical TrustS Sahyadri Speaciality Hospital Blood Centre,Pune,Pune,Deccan Gymkhana,15,0.0666666666666666,0.325,5.716402475306035,6.666666666666667,39.795918367346935,1.1263983753221785,14.50141251900061,Low Risk,0.8958333333333334,10.416666666666664
284361,"Laksh Foundation, Lifeline Blood Centre, Nashik",Nashik,Nashik,Suyojit Commercial Complex,15,0.175,0.1166666666666666,11.555829114771743,17.5,14.285714285714285,2.277038259046441,14.481597227099272,Low Risk,0.7613636363636364,23.863636363636363
285067,"Jijau Blood Centre, Blood Component And Apheresis Centre, Parbhani",Parbhani,Parbhani,Parbhani,15,0.05,0.3083333333333333,12.535646219023782,5.0,37.75510204081633,2.470108008615341,14.431302512357918,Low Risk,0.875,12.5
18297,The Santajee Educational And Medical Foundation Trusts Navjeevan Blood Centre,Nashik,Nashik,Mumbai Naka,15,0.175,0.225,0.5275953903962646,17.5,27.551020408163268,0.103960942767244,14.413745337732628,Low Risk,0.875,12.5
27154,"Sir, J.J. Group Hospital Blood Centre, Byculla Mumbai",Mumbai,Mumbai,Byculla,15,0.0,0.45,12.246198436921668,0.0,55.102040816326536,2.413073271661664,14.37877852199705,Low Risk,1.0,0.0
280753,Girija Blood Centre,Pune,Baramati,Baramati,15,0.0166666666666666,0.4416666666666666,8.093565615903325,1.6666666666666667,54.08163265306123,1.5948105823022691,14.33577747550754,Low Risk,1.0,0.0
27111,Shwas foundation kavathemahankal trust sanchalit maha blood centre and comprehensive thalassemia day,Pune,Pune,Saswad,15,0.025,0.3083333333333333,22.197173662894013,2.5,37.75510204081633,4.373880330966287,14.282245592945657,Low Risk,0.875,12.5
280141,Mallikarjun Blood Centre,Solapur,Solapur,Sadar,15,0.025,0.4,28.39749399570327,2.5,48.9795918367347,5.595633134328777,14.26880624276587,Low Risk,1.0,0.0
283459,"Azad Panchi Groups Sanchalit, Janseva Blood Centre, Hinjewadi Phase-1, Pune",Pune,Hinjewadi,Hinjewadi,15,0.0166666666666666,0.375,12.87959747778814,1.6666666666666667,45.91836734693878,2.537882477039461,14.093229122661226,Low Risk,0.9375,6.25
284015,Aai Bahuuddeshiya Sevabhavi Sanstha Shourya Blood Centre Yavatmal,Yavatmal,Yavatmal,Yavatmal,15,0.0416666666666666,0.3,14.890073587527596,4.166666666666666,36.734693877551024,2.934040206208687,14.083850187606592,Low Risk,0.875,12.5
18118,Annasaheb Galatge Lions Blood Centre  Run By Gadhinglaj Lions Welfare Association,Kolhapur,Gadhinglaj,Doctors Colony,15,0.0083333333333333,0.4416666666666666,6.000961753912868,0.8333333333333334,54.08163265306123,1.1824698486815537,14.02435895876903,Low Risk,1.0,0.0
284432,"City Blood Centre, Component And Apheresis Centre, Beed",Jalna,Jalna,Jalna,15,0.0416666666666666,0.3833333333333333,8.418880789766554,4.166666666666666,46.93877551020408,1.6589128712663743,13.97233876203428,Low Risk,0.96875,3.125
282565,"Sathiya Educational SocietyS Sathiya Trust Blood Centre, Nalasopara, Palghar",Palghar,Nalasopara,Palghar,15,0.0083333333333333,0.4416666666666666,3.819635213091306,0.8333333333333334,54.08163265306123,0.7526466019380648,13.916903147083158,Low Risk,1.0,0.0
284467,"Mahalaxmi Blood Centre, Kagal,Kolhapur",Kolhapur,Kolhapur,Jaysinghrao Park N.R,15,0.025,0.4166666666666667,10.841042041155712,2.5,51.02040816326531,2.1361918085208798,13.914149992946546,Low Risk,1.0,0.0
18070,Jehangir Hospital Blood Centre,Pune,Pune,Sasoon,15,0.0333333333333333,0.35,3.906777570716458,3.333333333333333,42.85714285714286,0.769817717945858,13.823406810438849,Low Risk,0.9166666666666666,8.333333333333337
280696,Shaswat Blood Centre Sangli,Sangli,Miraj,Miraj,15,0.0833333333333333,0.2666666666666666,8.4354290978292,8.333333333333332,32.6530612244898,1.6621736611419329,13.787142054741269,Low Risk,0.875,12.5
18044,Bandra Holly Family Hospital Society Blood Centre,Mumbai,Mumbai,Bandra,15,0.0083333333333333,0.4333333333333333,3.1472739178048816,0.8333333333333334,53.06122448979592,0.6201600120046648,13.62867945878348,Low Risk,1.0,0.0
18142,"Civil Surgeon, General Hospital, Blood Centre",Ahmadnagar,Ahmednagar,Savedi,15,0.075,0.2916666666666666,11.035957984117765,7.5,35.71428571428571,2.1745993563493045,13.57936412480161,Low Risk,0.9107142857142856,8.92857142857143
284721,"Kranti Mitra Mandal Public Charitable Trusts, Om Blood Centre, Shirur.",Pune,Shirur,Shirur,15,0.0083333333333333,0.425,7.156731510812997,0.8333333333333334,52.04081632653062,1.410210491864505,13.571090037932114,Low Risk,1.0,0.0
18043,Poona Serological Institute Blood Centre,Pune,Pune,C.T.S. No,15,0.0833333333333333,0.2583333333333333,15.342133594256651,8.333333333333332,31.632653061224485,3.023117149150931,13.559775885927188,Low Risk,0.8875,11.250000000000004
282668,Lokmanya Blood Centre,Aurangabad,Aurangabad,Adalat Road,15,0.0166666666666666,0.4,15.37945803486938,1.6666666666666667,48.9795918367347,3.0304718078628747,13.41918257781606,Low Risk,1.0,0.0
283233,Kurduwadi Blood Centre,Solapur,Solapur,Madha,15,0.0166666666666666,0.4083333333333333,9.763808291820864,1.6666666666666667,50.0,1.923926428269109,13.397648273733944,Low Risk,1.0,0.0
18003,"Byl Nair Hospital, Blood Centre",Mumbai,Mumbai,Mumbai Central,15,0.075,0.2916666666666666,10.066565354857069,7.5,35.71428571428571,1.9835837154168336,13.38280069075897,Low Risk,0.9166666666666666,8.333333333333337
18026,"Shri Balyogi Shikshan Prasarak Mandal Charitable Trust, Sai Jeewan Blood Centre",Akola,Akola,Akola,15,0.0583333333333333,0.2666666666666666,10.063821635217668,5.833333333333333,32.6530612244898,1.9830430744529568,13.242359408069024,Low Risk,0.875,12.5
18095,"Hindratna Prakashbapu Patil Blood Centre, Sangli",Sangli,Sangli,Siddhivinayak Commercial Complex Guest House,15,0.0499999999999999,0.275,7.844171314251527,5.0,33.673469387755105,1.545668252417571,13.179784410043167,Low Risk,0.875,12.5
284529,Spandan Blood Centre,Pune,Pune,Pune,15,0.0416666666666666,0.3833333333333333,7.888536338633997,4.166666666666666,46.93877551020408,1.554410235089613,13.16496310299009,Low Risk,1.0,0.0
280674,Pandharpur Blood Centre,Solapur,Pandharpur,Pandharpur,15,0.1416666666666666,0.1416666666666666,10.080737958286631,14.166666666666666,17.346938775510203,1.986376380479539,13.02777323344188,Low Risk,0.8138888888888889,18.61111111111111
280757,Nh Srcc ChildrenS Hospital Blood Centre,Mumbai,Mumbai,Mahalaxmi,15,0.1,0.2583333333333333,3.7082194555671,10.0,31.63265306122449,0.7306924920231858,13.021391943867474,Low Risk,0.9027777777777778,9.72222222222222
18223,Dattaji Bhale Blood Centre,Aurangabad,Aurangabad,Jawa,15,0.0583333333333333,0.2333333333333333,14.960485255530743,5.833333333333333,28.57142857142857,2.947914594652307,12.984002458186888,Low Risk,0.8541666666666666,14.583333333333336
18107,Dr. Hegdewar Rakta Pedhi,Solapur,Solapur,Railwaylines,15,0.0499999999999999,0.2666666666666666,8.269917002634799,5.0,32.6530612244898,1.629560045160815,12.945655317412651,Low Risk,0.875,12.5
18062,Akshay Blood Centre,Pune,Pune,Hadapsar,15,0.125,0.1083333333333333,26.204763635800667,12.5,13.26530612244898,5.163562802405256,12.940550564546893,Low Risk,0.7916666666666666,20.833333333333336
18189,Jupiter Hospital Blood Centre,Thane,Thane,Eastern Express,15,0.0166666666666666,0.4,4.8237513113784045,1.6666666666666667,48.9795918367347,0.95050438865468,12.89919072301401,Low Risk,1.0,0.0
283609,Aiims Nagpur Blood Center,Nagpur,Nagpur,Aiims Nagpur,15,0.125,0.2166666666666666,4.991365845711659,12.5,26.53061224489796,0.9835322833784949,12.888151516684498,Low Risk,0.8846153846153846,11.538461538461542
18181,"Shree Swami  Samartha Vaidyakiya  Shaikshanik And Sanshodhan Sanstha, Late  Shri Mukeshbai Patel Blo",Dhule,Shirpur,Dhule,15,0.0,0.4083333333333333,6.744050955492796,0.0,50.0,1.3288931407773878,12.832223285194347,Low Risk,1.0,0.0
18268,Arpan Blood Centre Blood Component And Apheresis Centre,Latur,Latur,Sawe Wadi,15,0.0166666666666666,0.3833333333333333,9.77220702842608,1.6666666666666667,46.93877551020408,1.9255813717948216,12.632755887166391,Low Risk,1.0,0.0
283208,Support Multipurpose Society Aadhar Blood Centre,Ahmadnagar,Sangamner,Opposite Dhanwantari M,14,0.0267857142857142,0.375,8.662815931196826,2.6785714285714284,45.91836734693878,1.7069794915188847,12.575979566757274,Low Risk,1.0,0.0
18031,"L.T.M.G., Municipal Hospital Blood Centre",Mumbai,Mumbai,Sion,15,0.1166666666666666,0.2166666666666666,8.339577815903016,11.666666666666666,26.53061224489796,1.6432864801394405,12.5169595297442,Low Risk,0.8977272727272727,10.22727272727273
18241,Shrikrishna Blood Center,Osmanabad,Omerga,Ajay Nagar,15,0.0333333333333333,0.2666666666666667,7.159674435480905,3.333333333333333,32.653061224489804,1.4107903855264627,12.4742962358374,Low Risk,0.875,12.5
18123,Rajarshi Shahu Indian Red Cross Blood Centre,Kolhapur,Kolhapur,K.E.Assembly,15,0.0916666666666666,0.2333333333333333,9.744357679479348,9.166666666666666,28.57142857142857,1.9200937488461416,12.471365428553526,Low Risk,0.8977272727272727,10.22727272727273
18011,General Hospital Blood Centre,Chandrapur,Chandrapur,Chandrapur,15,0.075,0.325,11.789298415497486,7.5,39.795918367346935,2.3230426196842915,12.404740246757807,Low Risk,1.0,0.0
282601,Symbiosis University Hospital And Research Center Blood Centre Of Symbiosis Trust,Pune,Pune,Mulshi,15,0.0,0.3916666666666666,7.669142811576543,0.0,47.95918367346939,1.5111794595273154,12.367590783249176,Low Risk,1.0,0.0
27170,B S P Medical College Blood Centre Chh Sambhaji Nagar,Aurangabad,Aurangabad,Beed Highway Road Nipani Bhalgaon Chh.Sambhaji Nagar,15,0.0083333333333333,0.3833333333333333,7.086731544492403,0.8333333333333334,46.93877551020408,1.396417227888301,12.29213151785643,Low Risk,1.0,0.0
18098,"Akshay Blood Centre, Miraj",Sangli,Miraj,Miraj,15,0.0,0.3833333333333333,10.666779137515588,0.0,46.93877551020408,2.101853874411603,12.26015734615392,Low Risk,1.0,0.0
27126,Civil Hospital Sindhudurg,Sindhudurg,Kudal,Sindhudurg,15,0.0083333333333333,0.3833333333333333,5.0755275053323565,0.8333333333333334,46.93877551020408,1.000116062612146,12.19305622653739,Low Risk,1.0,0.0
18154,Shree Navjeevan Blood Centre Dhule,Dhule,Dhule,Behi,15,0.0083333333333333,0.3666666666666666,11.909662374050797,0.8333333333333334,44.89795918367347,2.346759943289036,12.01951311507396,Low Risk,1.0,0.0
284589,M/S. Jai Mata Di Bahuddeshiya SansthaS Melghat Blood Centre,Amravati,Amravati,Melghat,15,0.1166666666666666,0.1916666666666666,6.905617992827291,11.666666666666666,23.46938775510204,1.3607293960350182,11.624195954450933,Low Risk,0.9,9.999999999999998
18072,"Metro Blood Centre,Civil Hospital Aundh Pune",Pune,Pune,Aundh,15,0.1333333333333333,0.15,6.392505529023701,13.333333333333334,18.367346938775512,1.2596222664928525,11.365075634650426,Low Risk,0.875,12.5
18262,"Civil Surgeon, District General Hospital Blood Centre",Parbhani,Parbhani,Parbhani,15,0.0333333333333333,0.1666666666666666,20.90099668627928,3.333333333333333,20.40816326530613,4.118472905247775,11.131659042638477,Low Risk,0.8333333333333334,16.666666666666664
18069,Jankalyan Raktapedhi Pune,Pune,Pune,Shukrawar Peth,15,0.05,0.2666666666666666,31.957550418640945,5.0,32.6530612244898,6.297130586297044,10.98754795269671,Low Risk,1.0,0.0
18112,"Smbt Institute Of Medical Science And Research Centre, Blood Centre And Component",Nashik,Nashik,Igatpuri,15,0.0,0.3416666666666667,3.943319217914765,0.0,41.83673469387755,0.7770181297806747,10.653438205914556,Low Risk,1.0,0.0
18147,Anandrushiji Blood Centre,Ahmadnagar,Ahmednagar,Burudgaon,15,0.0166666666666666,0.3083333333333333,15.074832779494873,1.6666666666666667,37.75510204081633,2.9704463995368844,10.59805377675497,Low Risk,1.0,0.0
284555,M/S. Freedom Foundation Sanchlit Lifeline Blood Centre,Pune,Pune,Somatane,15,0.0083333333333333,0.325,7.416976854371157,0.8333333333333334,39.795918367346935,1.461490983998394,10.522685671169668,Low Risk,1.0,0.0
18104,Phaltan Medical FoundationS Blood Centre,Satara,Phaltan,Phaltan,15,0.0083333333333333,0.325,7.04407846361009,0.8333333333333334,39.795918367346935,1.3880125780729902,10.504316069688317,Low Risk,1.0,0.0
18175,Ndmvps Medical College And Hospital Blood Centre,Nashik,Nashik,Adgaon,15,0.0833333333333333,0.1833333333333333,7.693010438399038,8.333333333333332,22.44897959183674,1.5158824971793687,10.306691712730215,Low Risk,0.9107142857142856,8.92857142857143
18065,"Deenanath Mangeshkar Hospital, Blood Centre",Pune,PUNE,Erandwane,15,0.0333333333333333,0.2166666666666666,9.584912849556916,3.333333333333333,26.53061224489796,1.8886756676046648,10.281905311458988,Low Risk,0.90625,9.375
284720,"Dr. D.Y. Patil Medical College Hospital And Research Centre Blood Centre, Pimpri, Pune.",Pune,Pimpri,Pimpri,15,0.0666666666666666,0.2083333333333333,8.95323557536662,6.666666666666667,25.51020408163265,1.7642057307082424,10.04776911975189,Low Risk,0.9375,6.25
18227,Jankalyan Blood Centre,Jalna,Jalna,Apmcs Chatrapati Shivaji Complex,15,0.0583333333333333,0.1833333333333333,7.368093179555956,5.833333333333333,22.44897959183674,1.4518586160660307,9.933542885309024,Low Risk,0.9,9.999999999999998
18171,"Jankalyan Blood Centre, Nashik",Nashik,Nashik,Gangapur,15,0.025,0.2416666666666666,28.496428044020885,2.5,29.59183673469388,5.61512776434659,9.426741124760117,Low Risk,1.0,0.0
280146,Blood Centre Shri Vasantrao Naik  Govt. Medical College And Hospital,Yavatmal,Yavatmal,Waghapur Road,15,0.0416666666666666,0.2583333333333333,7.514741693348677,4.166666666666667,31.632653061224485,1.4807552251471976,9.320018738259588,Low Risk,1.0,0.0
18283,Dr. Hegdewar Blood Centre,Nagpur,Nagpur,Laxmibhuvan Square,15,0.0416666666666666,0.2416666666666666,17.418619836660987,4.166666666666666,29.59183673469388,3.4322819586490376,9.297696340002394,Low Risk,1.0,0.0
18078,Noble Charitable TrustS Noble Blood Centre,Pune,Pune,Magarpatta,15,0.0333333333333333,0.25,14.845337446542253,3.333333333333333,30.612244897959183,2.925225096226184,9.217700831879675,Low Risk,1.0,0.0
18111,"Indian Red Cross Society Blood Centre, Shriman Rambhai Shah Blood Centre",Solapur,Solapur,Somwarpe,15,0.0166666666666666,0.225,6.7717728156583314,1.6666666666666667,27.551020408163268,1.3343556424795089,9.200510679327362,Low Risk,0.9375,6.25
280147,"Ocean Bahuuddeshiy Sanstha, M/S Ekneel Blood Centre",Yavatmal,Pusad,Yavatmal,15,0.025,0.25,8.981298035528303,2.5,30.612244897959183,1.769735346523471,8.720495061120664,Low Risk,1.0,0.0
283287,Manikraj Bahuudeshiya Samajsevi Sanstha Shivneri Blood Centre,Pune,Pune,Soham Nagari,15,0.0999999999999999,0.0416666666666666,29.29964833826206,10.0,5.1020408163265305,5.773399691203983,8.343860126882628,Low Risk,0.875,12.5
18102,"Krishna Hospital And Medical Research Centre, Blood Centre",Satara,Satara,Karad,15,0.0333333333333333,0.2,5.530333354861719,3.333333333333333,24.48979591836735,1.0897340648801668,8.269882495811878,Low Risk,0.9583333333333334,4.166666666666663
284246,Ms.Rambhabai Bahuuddeshiya Seva Sanstha Seva Blood Centre,Nandurbar,Nandurbar,Shahada,15,0.0,0.2583333333333333,1.0973452814254347,0.0,31.632653061224485,0.2162282917454819,7.962220338242491,Low Risk,1.0,0.0
285276,"Shri.Swami Samarth Blood Centre, Pandharpur, Solapur",Solapur,Solapur,Gokul,15,0.0083333333333333,0.225,17.122347156841016,0.8333333333333334,27.551020408163268,3.373902397964991,7.939564034865397,Low Risk,1.0,0.0
280537,M/S. Sri. Bhagwant Blood Centre,Solapur,Solapur,Near Kurduwadi Naka,15,0.025,0.1833333333333333,24.213627842202637,2.5,22.44897959183674,4.771216019154206,7.430048902747736,Low Risk,1.0,0.0
27108,Jankalyan Blood Center,Nandurbar,Nandurbar,Desaipura,15,0.0,0.0,142.45525391174164,0.0,0.0,28.07034096277549,7.017585240693872,Low Risk,1.0,0.0
18203,"Jai Matadi Bahuuddeshiya Sevabhavi Sasthas Guru Gobindsinghji Blood Centre, Blood Comp And Aphs Nand",Nanded,Nanded,Naroji,15,0.0333333333333333,0.1583333333333333,22.23603101302854,3.333333333333333,19.387755102040817,4.381537044476215,6.775656369962591,Low Risk,1.0,0.0
18084,Chakan Blood Centre,Pune,Pune,Chakan,15,0.0333333333333333,0.1416666666666666,20.979588618634114,3.333333333333333,17.346938775510203,4.133959187975475,6.203557824204752,Low Risk,1.0,0.0
284835,"Shaurya Blood Centre, Blood Component And Apheresis Centre, Ahmedpur, Dist. Latur",Latur,Ahmedpur,Redd,15,0.0333333333333333,0.1416666666666666,19.74376449172761,3.333333333333333,17.346938775510203,3.890444093517941,6.1426790505903694,Low Risk,1.0,0.0
284016,"Dr. R.N.Cooper Hospital Blood Centre Vile Parle (W) Mumbai,",Mumbai,Mumbai,Parel,13,0.0096153846153846,0.1442307692307692,22.631916427904915,0.9615384615384616,17.660910518053377,4.459544968175923,5.77049848694194,Low Risk,1.0,0.0
284803,"Hinjewadi Blood Centre, Hinjewadi, Tal. Mulshi, Dist. Pune",Pune,Pune,Om Plaza,15,0.0,0.15,14.847321486013213,0.0,18.367346938775512,2.925616044702313,5.323240745869456,Low Risk,1.0,0.0
283260,Samarpit Bahuddeshiya Sevabhavi Sanshta Tarpan Blood Centre,Pune,Pune,Loni Kalbhor,15,0.0583333333333333,0.0666666666666666,18.916257622447844,5.833333333333333,8.16326530612245,3.727386576635389,5.212246304022793,Low Risk,0.96875,3.125
18073,"Grant Medical Foundation,  A.H. Wadia Trust Blood Centre",Pune,Pune,Post Box No,15,0.0416666666666666,0.1083333333333333,8.385079184679977,4.166666666666666,13.26530612244898,1.6522523757506589,4.771056291216577,Low Risk,1.0,0.0
18021,Sir J.J.Mahanagar Rakthapedhi,Mumbai,Mumbai,Byculla,15,0.0,0.125,0.0,0.0,15.306122448979592,0.0,3.826530612244898,Low Risk,1.0,0.0
282670,Pimpri Chinchwad  Municipal CorporationS Y.C.M. Hospital Blood Centre,Pune,Pune,Chinchwad,15,0.025,0.0583333333333333,24.6748431663076,2.5,7.142857142857142,4.862096987383742,3.626238532560221,Low Risk,1.0,0.0
18237,"Dean, Maeer,S Smt.Saraswati Karad Blood Centre",Latur,Latur,Ambajogai,15,0.0083333333333333,0.0,66.04498946078887,0.8333333333333334,0.0,13.013948746290865,3.4618205199060497,Low Risk,1.0,0.0
283259,Sanjeevan Blood Component And Apheresis Centre,Thane,Badlapur,Badlapur,15,0.0416666666666666,0.0,37.33556118003424,4.166666666666667,0.0,7.356849983289693,2.88087916248909,Low Risk,1.0,0.0
18252,"Dean, Govt. Medical College Hospital Blood Centre Aurangabad",Aurangabad,Aurangabad,Jublee Park,15,0.0,0.025,29.025464210649805,0.0,3.0612244897959187,5.719372607349109,2.1951492742862566,Low Risk,1.0,0.0
18110,"Indian Red Cross Society , Sarjubai, Bansila Bajaj Blood Centre",Solapur,Pandharpur,Pandharpur,1,0.125,0.375,,12.5,45.91836734693878,,,,1.0,0.0
18133,M/S Nanded Blood Centre,Nanded,Nanded,Shivaji Nagar,1,0.5,0.25,,50.0,30.612244897959183,,,,1.0,0.0
18191,Blood Line Charitable Blood Centre,Thane,Thane,Thane West,1,0.375,0.25,,37.5,30.612244897959183,,,,1.0,0.0
18233,Pallavi Blood Centre Govandi East,Mumbai,Mumbai,Govandi East,1,0.25,0.25,,25.0,30.612244897959183,,,,1.0,0.0
280144,M/S Sadgurus Charitable Blood Centre,Thane,Navi Mumbai,Kopar Khairane,1,0.25,0.25,,25.0,30.612244897959183,,,,1.0,0.0
280735,Jagiivan Ram Hospital (Western Railway) Blood Centre,Mumbai,Mumbai,Mumbai Central,1,0.0,0.125,,0.0,15.306122448979592,,,,1.0,0.0
283288,Vidyashree Charitable Trust Shiv Shambho Blood Centre,Solapur,Solapur,Solapur,1,0.25,0.25,,25.0,30.612244897959183,,,,1.0,0.0
